stem,species_id,mode_number,freq_cm-1,is_imaginary
anisole,anisole,0,0.0,False
anisole,anisole,1,0.0,False
anisole,anisole,2,0.0,False
anisole,anisole,3,0.0,False
anisole,anisole,4,0.0,False
anisole,anisole,5,0.0,False
anisole,anisole,6,94.82,False
anisole,anisole,7,208.98,False
anisole,anisole,8,260.52,False
anisole,anisole,9,272.17,False
anisole,anisole,10,423.81,False
anisole,anisole,11,450.23,False
anisole,anisole,12,518.8,False
anisole,anisole,13,562.82,False
anisole,anisole,14,632.23,False
anisole,anisole,15,699.74,False
anisole,anisole,16,763.44,False
anisole,anisole,17,803.03,False
anisole,anisole,18,827.42,False
anisole,anisole,19,895.97,False
anisole,anisole,20,949.28,False
anisole,anisole,21,959.84,False
anisole,anisole,22,1017.5,False
anisole,anisole,23,1046.21,False
anisole,anisole,24,1071.2,False
anisole,anisole,25,1106.64,False
anisole,anisole,26,1173.2,False
anisole,anisole,27,1181.43,False
anisole,anisole,28,1198.19,False
anisole,anisole,29,1205.75,False
anisole,anisole,30,1279.39,False
anisole,anisole,31,1338.34,False
anisole,anisole,32,1362.84,False
anisole,anisole,33,1476.53,False
anisole,anisole,34,1492.34,False
anisole,anisole,35,1493.28,False
anisole,anisole,36,1507.58,False
anisole,anisole,37,1534.51,False
anisole,anisole,38,1628.27,False
anisole,anisole,39,1646.35,False
anisole,anisole,40,3004.21,False
anisole,anisole,41,3058.54,False
anisole,anisole,42,3131.31,False
anisole,anisole,43,3167.34,False
anisole,anisole,44,3174.39,False
anisole,anisole,45,3189.82,False
anisole,anisole,46,3196.78,False
anisole,anisole,47,3210.76,False
benzene,benzene,0,0.0,False
benzene,benzene,1,0.0,False
benzene,benzene,2,0.0,False
benzene,benzene,3,0.0,False
benzene,benzene,4,0.0,False
benzene,benzene,5,0.0,False
benzene,benzene,6,411.55,False
benzene,benzene,7,411.85,False
benzene,benzene,8,624.89,False
benzene,benzene,9,624.95,False
benzene,benzene,10,686.01,False
benzene,benzene,11,713.22,False
benzene,benzene,12,861.24,False
benzene,benzene,13,861.27,False
benzene,benzene,14,962.28,False
benzene,benzene,15,962.54,False
benzene,benzene,16,990.25,False
benzene,benzene,17,1018.14,False
benzene,benzene,18,1031.96,False
benzene,benzene,19,1062.11,False
benzene,benzene,20,1062.17,False
benzene,benzene,21,1177.53,False
benzene,benzene,22,1200.31,False
benzene,benzene,23,1200.41,False
benzene,benzene,24,1336.99,False
benzene,benzene,25,1388.55,False
benzene,benzene,26,1518.25,False
benzene,benzene,27,1518.31,False
benzene,benzene,28,1637.22,False
benzene,benzene,29,1637.34,False
benzene,benzene,30,3160.06,False
benzene,benzene,31,3169.41,False
benzene,benzene,32,3169.48,False
benzene,benzene,33,3184.72,False
benzene,benzene,34,3184.84,False
benzene,benzene,35,3194.69,False
catechol,catechol,0,0.0,False
catechol,catechol,1,0.0,False
catechol,catechol,2,0.0,False
catechol,catechol,3,0.0,False
catechol,catechol,4,0.0,False
catechol,catechol,5,0.0,False
catechol,catechol,6,187.13,False
catechol,catechol,7,214.75,False
catechol,catechol,8,294.56,False
catechol,catechol,9,311.23,False
catechol,catechol,10,424.88,False
catechol,catechol,11,450.31,False
catechol,catechol,12,458.1,False
catechol,catechol,13,560.24,False
catechol,catechol,14,567.35,False
catechol,catechol,15,593.65,False
catechol,catechol,16,708.85,False
catechol,catechol,17,746.55,False
catechol,catechol,18,783.91,False
catechol,catechol,19,834.66,False
catechol,catechol,20,866.07,False
catechol,catechol,21,902.19,False
catechol,catechol,22,931.78,False
catechol,catechol,23,1055.27,False
catechol,catechol,24,1111.21,False
catechol,catechol,25,1168.47,False
catechol,catechol,26,1180.21,False
catechol,catechol,27,1208.37,False
catechol,catechol,28,1271.06,False
catechol,catechol,29,1301.3,False
catechol,catechol,30,1362.83,False
catechol,catechol,31,1397.64,False
catechol,catechol,32,1510.05,False
catechol,catechol,33,1548.13,False
catechol,catechol,34,1649.78,False
catechol,catechol,35,1655.77,False
catechol,catechol,36,3152.74,False
catechol,catechol,37,3178.31,False
catechol,catechol,38,3191.17,False
catechol,catechol,39,3200.45,False
catechol,catechol,40,3762.96,False
catechol,catechol,41,3816.72,False
cu2i2_linear_opt_freq,cu2i2_linear,0,0.0,False
cu2i2_linear_opt_freq,cu2i2_linear,1,0.0,False
cu2i2_linear_opt_freq,cu2i2_linear,2,0.0,False
cu2i2_linear_opt_freq,cu2i2_linear,3,0.0,False
cu2i2_linear_opt_freq,cu2i2_linear,4,0.0,False
cu2i2_linear_opt_freq,cu2i2_linear,5,-66.63,True
cu2i2_linear_opt_freq,cu2i2_linear,6,-66.63,True
cu2i2_linear_opt_freq,cu2i2_linear,7,30.61,False
cu2i2_linear_opt_freq,cu2i2_linear,8,30.61,False
cu2i2_linear_opt_freq,cu2i2_linear,9,92.16,False
cu2i2_linear_opt_freq,cu2i2_linear,10,235.91,False
cu2i2_linear_opt_freq,cu2i2_linear,11,262.11,False
cu2i2_rhombic_opt_freq,cu2i2_rhombic,0,0.0,False
cu2i2_rhombic_opt_freq,cu2i2_rhombic,1,0.0,False
cu2i2_rhombic_opt_freq,cu2i2_rhombic,2,0.0,False
cu2i2_rhombic_opt_freq,cu2i2_rhombic,3,0.0,False
cu2i2_rhombic_opt_freq,cu2i2_rhombic,4,0.0,False
cu2i2_rhombic_opt_freq,cu2i2_rhombic,5,0.0,False
cu2i2_rhombic_opt_freq,cu2i2_rhombic,6,58.01,False
cu2i2_rhombic_opt_freq,cu2i2_rhombic,7,105.1,False
cu2i2_rhombic_opt_freq,cu2i2_rhombic,8,112.31,False
cu2i2_rhombic_opt_freq,cu2i2_rhombic,9,157.17,False
cu2i2_rhombic_opt_freq,cu2i2_rhombic,10,206.05,False
cu2i2_rhombic_opt_freq,cu2i2_rhombic,11,211.39,False
cu_anisole_methoxyO_freq,cu_anisole_methoxyO,0,0.0,False
cu_anisole_methoxyO_freq,cu_anisole_methoxyO,1,0.0,False
cu_anisole_methoxyO_freq,cu_anisole_methoxyO,2,0.0,False
cu_anisole_methoxyO_freq,cu_anisole_methoxyO,3,0.0,False
cu_anisole_methoxyO_freq,cu_anisole_methoxyO,4,0.0,False
cu_anisole_methoxyO_freq,cu_anisole_methoxyO,5,0.0,False
cu_anisole_methoxyO_freq,cu_anisole_methoxyO,6,-37.81,True
cu_anisole_methoxyO_freq,cu_anisole_methoxyO,7,79.88,False
cu_anisole_methoxyO_freq,cu_anisole_methoxyO,8,83.55,False
cu_anisole_methoxyO_freq,cu_anisole_methoxyO,9,178.39,False
cu_anisole_methoxyO_freq,cu_anisole_methoxyO,10,244.22,False
cu_anisole_methoxyO_freq,cu_anisole_methoxyO,11,257.2,False
cu_anisole_methoxyO_freq,cu_anisole_methoxyO,12,285.66,False
cu_anisole_methoxyO_freq,cu_anisole_methoxyO,13,410.47,False
cu_anisole_methoxyO_freq,cu_anisole_methoxyO,14,453.71,False
cu_anisole_methoxyO_freq,cu_anisole_methoxyO,15,502.85,False
cu_anisole_methoxyO_freq,cu_anisole_methoxyO,16,600.68,False
cu_anisole_methoxyO_freq,cu_anisole_methoxyO,17,630.15,False
cu_anisole_methoxyO_freq,cu_anisole_methoxyO,18,673.07,False
cu_anisole_methoxyO_freq,cu_anisole_methoxyO,19,749.2,False
cu_anisole_methoxyO_freq,cu_anisole_methoxyO,20,782.55,False
cu_anisole_methoxyO_freq,cu_anisole_methoxyO,21,788.57,False
cu_anisole_methoxyO_freq,cu_anisole_methoxyO,22,888.38,False
cu_anisole_methoxyO_freq,cu_anisole_methoxyO,23,965.16,False
cu_anisole_methoxyO_freq,cu_anisole_methoxyO,24,1008.32,False
cu_anisole_methoxyO_freq,cu_anisole_methoxyO,25,1010.86,False
cu_anisole_methoxyO_freq,cu_anisole_methoxyO,26,1018.07,False
cu_anisole_methoxyO_freq,cu_anisole_methoxyO,27,1053.18,False
cu_anisole_methoxyO_freq,cu_anisole_methoxyO,28,1120.85,False
cu_anisole_methoxyO_freq,cu_anisole_methoxyO,29,1171.94,False
cu_anisole_methoxyO_freq,cu_anisole_methoxyO,30,1174.4,False
cu_anisole_methoxyO_freq,cu_anisole_methoxyO,31,1191.53,False
cu_anisole_methoxyO_freq,cu_anisole_methoxyO,32,1207.17,False
cu_anisole_methoxyO_freq,cu_anisole_methoxyO,33,1229.38,False
cu_anisole_methoxyO_freq,cu_anisole_methoxyO,34,1339.63,False
cu_anisole_methoxyO_freq,cu_anisole_methoxyO,35,1354.24,False
cu_anisole_methoxyO_freq,cu_anisole_methoxyO,36,1478.17,False
cu_anisole_methoxyO_freq,cu_anisole_methoxyO,37,1485.76,False
cu_anisole_methoxyO_freq,cu_anisole_methoxyO,38,1494.94,False
cu_anisole_methoxyO_freq,cu_anisole_methoxyO,39,1507.55,False
cu_anisole_methoxyO_freq,cu_anisole_methoxyO,40,1523.97,False
cu_anisole_methoxyO_freq,cu_anisole_methoxyO,41,1624.87,False
cu_anisole_methoxyO_freq,cu_anisole_methoxyO,42,1648.9,False
cu_anisole_methoxyO_freq,cu_anisole_methoxyO,43,3015.42,False
cu_anisole_methoxyO_freq,cu_anisole_methoxyO,44,3050.27,False
cu_anisole_methoxyO_freq,cu_anisole_methoxyO,45,3140.66,False
cu_anisole_methoxyO_freq,cu_anisole_methoxyO,46,3192.68,False
cu_anisole_methoxyO_freq,cu_anisole_methoxyO,47,3195.76,False
cu_anisole_methoxyO_freq,cu_anisole_methoxyO,48,3201.39,False
cu_anisole_methoxyO_freq,cu_anisole_methoxyO,49,3212.95,False
cu_anisole_methoxyO_freq,cu_anisole_methoxyO,50,3233.2,False
cu_anisole_pi_freq,cu_anisole_pi,0,0.0,False
cu_anisole_pi_freq,cu_anisole_pi,1,0.0,False
cu_anisole_pi_freq,cu_anisole_pi,2,0.0,False
cu_anisole_pi_freq,cu_anisole_pi,3,0.0,False
cu_anisole_pi_freq,cu_anisole_pi,4,0.0,False
cu_anisole_pi_freq,cu_anisole_pi,5,0.0,False
cu_anisole_pi_freq,cu_anisole_pi,6,49.83,False
cu_anisole_pi_freq,cu_anisole_pi,7,65.14,False
cu_anisole_pi_freq,cu_anisole_pi,8,114.15,False
cu_anisole_pi_freq,cu_anisole_pi,9,182.75,False
cu_anisole_pi_freq,cu_anisole_pi,10,230.62,False
cu_anisole_pi_freq,cu_anisole_pi,11,251.05,False
cu_anisole_pi_freq,cu_anisole_pi,12,349.92,False
cu_anisole_pi_freq,cu_anisole_pi,13,427.84,False
cu_anisole_pi_freq,cu_anisole_pi,14,447.54,False
cu_anisole_pi_freq,cu_anisole_pi,15,541.61,False
cu_anisole_pi_freq,cu_anisole_pi,16,556.78,False
cu_anisole_pi_freq,cu_anisole_pi,17,618.6,False
cu_anisole_pi_freq,cu_anisole_pi,18,705.69,False
cu_anisole_pi_freq,cu_anisole_pi,19,803.22,False
cu_anisole_pi_freq,cu_anisole_pi,20,834.93,False
cu_anisole_pi_freq,cu_anisole_pi,21,854.76,False
cu_anisole_pi_freq,cu_anisole_pi,22,911.9,False
cu_anisole_pi_freq,cu_anisole_pi,23,971.1,False
cu_anisole_pi_freq,cu_anisole_pi,24,997.05,False
cu_anisole_pi_freq,cu_anisole_pi,25,997.88,False
cu_anisole_pi_freq,cu_anisole_pi,26,1016.09,False
cu_anisole_pi_freq,cu_anisole_pi,27,1035.24,False
cu_anisole_pi_freq,cu_anisole_pi,28,1085.01,False
cu_anisole_pi_freq,cu_anisole_pi,29,1168.79,False
cu_anisole_pi_freq,cu_anisole_pi,30,1179.15,False
cu_anisole_pi_freq,cu_anisole_pi,31,1198.99,False
cu_anisole_pi_freq,cu_anisole_pi,32,1206.45,False
cu_anisole_pi_freq,cu_anisole_pi,33,1331.52,False
cu_anisole_pi_freq,cu_anisole_pi,34,1347.0,False
cu_anisole_pi_freq,cu_anisole_pi,35,1376.95,False
cu_anisole_pi_freq,cu_anisole_pi,36,1476.68,False
cu_anisole_pi_freq,cu_anisole_pi,37,1486.89,False
cu_anisole_pi_freq,cu_anisole_pi,38,1499.27,False
cu_anisole_pi_freq,cu_anisole_pi,39,1499.94,False
cu_anisole_pi_freq,cu_anisole_pi,40,1526.21,False
cu_anisole_pi_freq,cu_anisole_pi,41,1562.08,False
cu_anisole_pi_freq,cu_anisole_pi,42,1623.52,False
cu_anisole_pi_freq,cu_anisole_pi,43,3038.47,False
cu_anisole_pi_freq,cu_anisole_pi,44,3110.99,False
cu_anisole_pi_freq,cu_anisole_pi,45,3156.58,False
cu_anisole_pi_freq,cu_anisole_pi,46,3172.03,False
cu_anisole_pi_freq,cu_anisole_pi,47,3188.54,False
cu_anisole_pi_freq,cu_anisole_pi,48,3189.83,False
cu_anisole_pi_freq,cu_anisole_pi,49,3208.01,False
cu_anisole_pi_freq,cu_anisole_pi,50,3215.86,False
cu_benzene_pi,cu_benzene_pi,0,0.0,False
cu_benzene_pi,cu_benzene_pi,1,0.0,False
cu_benzene_pi,cu_benzene_pi,2,0.0,False
cu_benzene_pi,cu_benzene_pi,3,0.0,False
cu_benzene_pi,cu_benzene_pi,4,0.0,False
cu_benzene_pi,cu_benzene_pi,5,0.0,False
cu_benzene_pi,cu_benzene_pi,6,-28.75,True
cu_benzene_pi,cu_benzene_pi,7,-28.05,True
cu_benzene_pi,cu_benzene_pi,8,175.7,False
cu_benzene_pi,cu_benzene_pi,9,410.69,False
cu_benzene_pi,cu_benzene_pi,10,410.77,False
cu_benzene_pi,cu_benzene_pi,11,620.56,False
cu_benzene_pi,cu_benzene_pi,12,620.66,False
cu_benzene_pi,cu_benzene_pi,13,699.78,False
cu_benzene_pi,cu_benzene_pi,14,758.48,False
cu_benzene_pi,cu_benzene_pi,15,911.08,False
cu_benzene_pi,cu_benzene_pi,16,911.1,False
cu_benzene_pi,cu_benzene_pi,17,991.18,False
cu_benzene_pi,cu_benzene_pi,18,1006.15,False
cu_benzene_pi,cu_benzene_pi,19,1006.19,False
cu_benzene_pi,cu_benzene_pi,20,1016.81,False
cu_benzene_pi,cu_benzene_pi,21,1037.2,False
cu_benzene_pi,cu_benzene_pi,22,1041.93,False
cu_benzene_pi,cu_benzene_pi,23,1041.99,False
cu_benzene_pi,cu_benzene_pi,24,1180.2,False
cu_benzene_pi,cu_benzene_pi,25,1196.39,False
cu_benzene_pi,cu_benzene_pi,26,1196.46,False
cu_benzene_pi,cu_benzene_pi,27,1297.33,False
cu_benzene_pi,cu_benzene_pi,28,1385.57,False
cu_benzene_pi,cu_benzene_pi,29,1495.83,False
cu_benzene_pi,cu_benzene_pi,30,1495.85,False
cu_benzene_pi,cu_benzene_pi,31,1587.77,False
cu_benzene_pi,cu_benzene_pi,32,1587.85,False
cu_benzene_pi,cu_benzene_pi,33,3190.77,False
cu_benzene_pi,cu_benzene_pi,34,3196.74,False
cu_benzene_pi,cu_benzene_pi,35,3196.83,False
cu_benzene_pi,cu_benzene_pi,36,3206.22,False
cu_benzene_pi,cu_benzene_pi,37,3206.32,False
cu_benzene_pi,cu_benzene_pi,38,3212.4,False
cu_catechol_bidentate,cu_catechol_bidentate,0,0.0,False
cu_catechol_bidentate,cu_catechol_bidentate,1,0.0,False
cu_catechol_bidentate,cu_catechol_bidentate,2,0.0,False
cu_catechol_bidentate,cu_catechol_bidentate,3,0.0,False
cu_catechol_bidentate,cu_catechol_bidentate,4,0.0,False
cu_catechol_bidentate,cu_catechol_bidentate,5,0.0,False
cu_catechol_bidentate,cu_catechol_bidentate,6,-479.79,True
cu_catechol_bidentate,cu_catechol_bidentate,7,-71.12,True
cu_catechol_bidentate,cu_catechol_bidentate,8,91.41,False
cu_catechol_bidentate,cu_catechol_bidentate,9,148.31,False
cu_catechol_bidentate,cu_catechol_bidentate,10,192.77,False
cu_catechol_bidentate,cu_catechol_bidentate,11,218.6,False
cu_catechol_bidentate,cu_catechol_bidentate,12,278.35,False
cu_catechol_bidentate,cu_catechol_bidentate,13,354.8,False
cu_catechol_bidentate,cu_catechol_bidentate,14,455.62,False
cu_catechol_bidentate,cu_catechol_bidentate,15,513.23,False
cu_catechol_bidentate,cu_catechol_bidentate,16,546.52,False
cu_catechol_bidentate,cu_catechol_bidentate,17,554.04,False
cu_catechol_bidentate,cu_catechol_bidentate,18,619.32,False
cu_catechol_bidentate,cu_catechol_bidentate,19,702.61,False
cu_catechol_bidentate,cu_catechol_bidentate,20,752.72,False
cu_catechol_bidentate,cu_catechol_bidentate,21,755.07,False
cu_catechol_bidentate,cu_catechol_bidentate,22,849.87,False
cu_catechol_bidentate,cu_catechol_bidentate,23,859.82,False
cu_catechol_bidentate,cu_catechol_bidentate,24,944.48,False
cu_catechol_bidentate,cu_catechol_bidentate,25,999.15,False
cu_catechol_bidentate,cu_catechol_bidentate,26,1053.4,False
cu_catechol_bidentate,cu_catechol_bidentate,27,1087.01,False
cu_catechol_bidentate,cu_catechol_bidentate,28,1144.57,False
cu_catechol_bidentate,cu_catechol_bidentate,29,1171.04,False
cu_catechol_bidentate,cu_catechol_bidentate,30,1191.69,False
cu_catechol_bidentate,cu_catechol_bidentate,31,1233.77,False
cu_catechol_bidentate,cu_catechol_bidentate,32,1311.23,False
cu_catechol_bidentate,cu_catechol_bidentate,33,1344.0,False
cu_catechol_bidentate,cu_catechol_bidentate,34,1376.44,False
cu_catechol_bidentate,cu_catechol_bidentate,35,1502.17,False
cu_catechol_bidentate,cu_catechol_bidentate,36,1539.98,False
cu_catechol_bidentate,cu_catechol_bidentate,37,1633.51,False
cu_catechol_bidentate,cu_catechol_bidentate,38,1668.51,False
cu_catechol_bidentate,cu_catechol_bidentate,39,3152.08,False
cu_catechol_bidentate,cu_catechol_bidentate,40,3196.28,False
cu_catechol_bidentate,cu_catechol_bidentate,41,3206.2,False
cu_catechol_bidentate,cu_catechol_bidentate,42,3216.44,False
cu_catechol_bidentate,cu_catechol_bidentate,43,3750.69,False
cu_catechol_bidentate,cu_catechol_bidentate,44,3793.69,False
cu_catechol_bidentate_v2,cu_catechol_bidentate_v2,0,0.0,False
cu_catechol_bidentate_v2,cu_catechol_bidentate_v2,1,0.0,False
cu_catechol_bidentate_v2,cu_catechol_bidentate_v2,2,0.0,False
cu_catechol_bidentate_v2,cu_catechol_bidentate_v2,3,0.0,False
cu_catechol_bidentate_v2,cu_catechol_bidentate_v2,4,0.0,False
cu_catechol_bidentate_v2,cu_catechol_bidentate_v2,5,0.0,False
cu_catechol_bidentate_v2,cu_catechol_bidentate_v2,6,-479.79,True
cu_catechol_bidentate_v2,cu_catechol_bidentate_v2,7,-71.12,True
cu_catechol_bidentate_v2,cu_catechol_bidentate_v2,8,91.41,False
cu_catechol_bidentate_v2,cu_catechol_bidentate_v2,9,148.31,False
cu_catechol_bidentate_v2,cu_catechol_bidentate_v2,10,192.77,False
cu_catechol_bidentate_v2,cu_catechol_bidentate_v2,11,218.6,False
cu_catechol_bidentate_v2,cu_catechol_bidentate_v2,12,278.35,False
cu_catechol_bidentate_v2,cu_catechol_bidentate_v2,13,354.8,False
cu_catechol_bidentate_v2,cu_catechol_bidentate_v2,14,455.62,False
cu_catechol_bidentate_v2,cu_catechol_bidentate_v2,15,513.23,False
cu_catechol_bidentate_v2,cu_catechol_bidentate_v2,16,546.52,False
cu_catechol_bidentate_v2,cu_catechol_bidentate_v2,17,554.04,False
cu_catechol_bidentate_v2,cu_catechol_bidentate_v2,18,619.32,False
cu_catechol_bidentate_v2,cu_catechol_bidentate_v2,19,702.61,False
cu_catechol_bidentate_v2,cu_catechol_bidentate_v2,20,752.72,False
cu_catechol_bidentate_v2,cu_catechol_bidentate_v2,21,755.07,False
cu_catechol_bidentate_v2,cu_catechol_bidentate_v2,22,849.87,False
cu_catechol_bidentate_v2,cu_catechol_bidentate_v2,23,859.82,False
cu_catechol_bidentate_v2,cu_catechol_bidentate_v2,24,944.48,False
cu_catechol_bidentate_v2,cu_catechol_bidentate_v2,25,999.15,False
cu_catechol_bidentate_v2,cu_catechol_bidentate_v2,26,1053.4,False
cu_catechol_bidentate_v2,cu_catechol_bidentate_v2,27,1087.01,False
cu_catechol_bidentate_v2,cu_catechol_bidentate_v2,28,1144.57,False
cu_catechol_bidentate_v2,cu_catechol_bidentate_v2,29,1171.04,False
cu_catechol_bidentate_v2,cu_catechol_bidentate_v2,30,1191.69,False
cu_catechol_bidentate_v2,cu_catechol_bidentate_v2,31,1233.77,False
cu_catechol_bidentate_v2,cu_catechol_bidentate_v2,32,1311.23,False
cu_catechol_bidentate_v2,cu_catechol_bidentate_v2,33,1344.0,False
cu_catechol_bidentate_v2,cu_catechol_bidentate_v2,34,1376.44,False
cu_catechol_bidentate_v2,cu_catechol_bidentate_v2,35,1502.17,False
cu_catechol_bidentate_v2,cu_catechol_bidentate_v2,36,1539.98,False
cu_catechol_bidentate_v2,cu_catechol_bidentate_v2,37,1633.51,False
cu_catechol_bidentate_v2,cu_catechol_bidentate_v2,38,1668.51,False
cu_catechol_bidentate_v2,cu_catechol_bidentate_v2,39,3152.08,False
cu_catechol_bidentate_v2,cu_catechol_bidentate_v2,40,3196.28,False
cu_catechol_bidentate_v2,cu_catechol_bidentate_v2,41,3206.2,False
cu_catechol_bidentate_v2,cu_catechol_bidentate_v2,42,3216.44,False
cu_catechol_bidentate_v2,cu_catechol_bidentate_v2,43,3750.69,False
cu_catechol_bidentate_v2,cu_catechol_bidentate_v2,44,3793.69,False
cu_catechol_pi,cu_catechol_pi,0,0.0,False
cu_catechol_pi,cu_catechol_pi,1,0.0,False
cu_catechol_pi,cu_catechol_pi,2,0.0,False
cu_catechol_pi,cu_catechol_pi,3,0.0,False
cu_catechol_pi,cu_catechol_pi,4,0.0,False
cu_catechol_pi,cu_catechol_pi,5,0.0,False
cu_catechol_pi,cu_catechol_pi,6,53.95,False
cu_catechol_pi,cu_catechol_pi,7,63.5,False
cu_catechol_pi,cu_catechol_pi,8,187.13,False
cu_catechol_pi,cu_catechol_pi,9,231.92,False
cu_catechol_pi,cu_catechol_pi,10,321.48,False
cu_catechol_pi,cu_catechol_pi,11,353.74,False
cu_catechol_pi,cu_catechol_pi,12,375.5,False
cu_catechol_pi,cu_catechol_pi,13,450.72,False
cu_catechol_pi,cu_catechol_pi,14,460.1,False
cu_catechol_pi,cu_catechol_pi,15,503.63,False
cu_catechol_pi,cu_catechol_pi,16,557.98,False
cu_catechol_pi,cu_catechol_pi,17,577.28,False
cu_catechol_pi,cu_catechol_pi,18,581.08,False
cu_catechol_pi,cu_catechol_pi,19,722.45,False
cu_catechol_pi,cu_catechol_pi,20,783.67,False
cu_catechol_pi,cu_catechol_pi,21,832.14,False
cu_catechol_pi,cu_catechol_pi,22,862.8,False
cu_catechol_pi,cu_catechol_pi,23,865.05,False
cu_catechol_pi,cu_catechol_pi,24,933.6,False
cu_catechol_pi,cu_catechol_pi,25,959.96,False
cu_catechol_pi,cu_catechol_pi,26,1012.87,False
cu_catechol_pi,cu_catechol_pi,27,1102.16,False
cu_catechol_pi,cu_catechol_pi,28,1162.7,False
cu_catechol_pi,cu_catechol_pi,29,1178.58,False
cu_catechol_pi,cu_catechol_pi,30,1207.25,False
cu_catechol_pi,cu_catechol_pi,31,1309.37,False
cu_catechol_pi,cu_catechol_pi,32,1329.26,False
cu_catechol_pi,cu_catechol_pi,33,1366.0,False
cu_catechol_pi,cu_catechol_pi,34,1411.4,False
cu_catechol_pi,cu_catechol_pi,35,1483.51,False
cu_catechol_pi,cu_catechol_pi,36,1548.86,False
cu_catechol_pi,cu_catechol_pi,37,1590.5,False
cu_catechol_pi,cu_catechol_pi,38,1622.21,False
cu_catechol_pi,cu_catechol_pi,39,3173.14,False
cu_catechol_pi,cu_catechol_pi,40,3180.52,False
cu_catechol_pi,cu_catechol_pi,41,3190.36,False
cu_catechol_pi,cu_catechol_pi,42,3208.5,False
cu_catechol_pi,cu_catechol_pi,43,3726.68,False
cu_catechol_pi,cu_catechol_pi,44,3782.22,False
cu_catechol_pi_v2,cu_catechol_pi_v2,0,0.0,False
cu_catechol_pi_v2,cu_catechol_pi_v2,1,0.0,False
cu_catechol_pi_v2,cu_catechol_pi_v2,2,0.0,False
cu_catechol_pi_v2,cu_catechol_pi_v2,3,0.0,False
cu_catechol_pi_v2,cu_catechol_pi_v2,4,0.0,False
cu_catechol_pi_v2,cu_catechol_pi_v2,5,0.0,False
cu_catechol_pi_v2,cu_catechol_pi_v2,6,53.95,False
cu_catechol_pi_v2,cu_catechol_pi_v2,7,63.5,False
cu_catechol_pi_v2,cu_catechol_pi_v2,8,187.13,False
cu_catechol_pi_v2,cu_catechol_pi_v2,9,231.92,False
cu_catechol_pi_v2,cu_catechol_pi_v2,10,321.48,False
cu_catechol_pi_v2,cu_catechol_pi_v2,11,353.74,False
cu_catechol_pi_v2,cu_catechol_pi_v2,12,375.5,False
cu_catechol_pi_v2,cu_catechol_pi_v2,13,450.72,False
cu_catechol_pi_v2,cu_catechol_pi_v2,14,460.1,False
cu_catechol_pi_v2,cu_catechol_pi_v2,15,503.63,False
cu_catechol_pi_v2,cu_catechol_pi_v2,16,557.98,False
cu_catechol_pi_v2,cu_catechol_pi_v2,17,577.28,False
cu_catechol_pi_v2,cu_catechol_pi_v2,18,581.08,False
cu_catechol_pi_v2,cu_catechol_pi_v2,19,722.45,False
cu_catechol_pi_v2,cu_catechol_pi_v2,20,783.67,False
cu_catechol_pi_v2,cu_catechol_pi_v2,21,832.14,False
cu_catechol_pi_v2,cu_catechol_pi_v2,22,862.8,False
cu_catechol_pi_v2,cu_catechol_pi_v2,23,865.05,False
cu_catechol_pi_v2,cu_catechol_pi_v2,24,933.6,False
cu_catechol_pi_v2,cu_catechol_pi_v2,25,959.96,False
cu_catechol_pi_v2,cu_catechol_pi_v2,26,1012.87,False
cu_catechol_pi_v2,cu_catechol_pi_v2,27,1102.16,False
cu_catechol_pi_v2,cu_catechol_pi_v2,28,1162.7,False
cu_catechol_pi_v2,cu_catechol_pi_v2,29,1178.58,False
cu_catechol_pi_v2,cu_catechol_pi_v2,30,1207.25,False
cu_catechol_pi_v2,cu_catechol_pi_v2,31,1309.37,False
cu_catechol_pi_v2,cu_catechol_pi_v2,32,1329.26,False
cu_catechol_pi_v2,cu_catechol_pi_v2,33,1366.0,False
cu_catechol_pi_v2,cu_catechol_pi_v2,34,1411.4,False
cu_catechol_pi_v2,cu_catechol_pi_v2,35,1483.51,False
cu_catechol_pi_v2,cu_catechol_pi_v2,36,1548.86,False
cu_catechol_pi_v2,cu_catechol_pi_v2,37,1590.5,False
cu_catechol_pi_v2,cu_catechol_pi_v2,38,1622.21,False
cu_catechol_pi_v2,cu_catechol_pi_v2,39,3173.14,False
cu_catechol_pi_v2,cu_catechol_pi_v2,40,3180.52,False
cu_catechol_pi_v2,cu_catechol_pi_v2,41,3190.36,False
cu_catechol_pi_v2,cu_catechol_pi_v2,42,3208.5,False
cu_catechol_pi_v2,cu_catechol_pi_v2,43,3726.68,False
cu_catechol_pi_v2,cu_catechol_pi_v2,44,3782.22,False
cu_cyclohexanol_O,cu_cyclohexanol_O,0,0.0,False
cu_cyclohexanol_O,cu_cyclohexanol_O,1,0.0,False
cu_cyclohexanol_O,cu_cyclohexanol_O,2,0.0,False
cu_cyclohexanol_O,cu_cyclohexanol_O,3,0.0,False
cu_cyclohexanol_O,cu_cyclohexanol_O,4,0.0,False
cu_cyclohexanol_O,cu_cyclohexanol_O,5,0.0,False
cu_cyclohexanol_O,cu_cyclohexanol_O,6,39.11,False
cu_cyclohexanol_O,cu_cyclohexanol_O,7,69.31,False
cu_cyclohexanol_O,cu_cyclohexanol_O,8,156.13,False
cu_cyclohexanol_O,cu_cyclohexanol_O,9,226.78,False
cu_cyclohexanol_O,cu_cyclohexanol_O,10,280.34,False
cu_cyclohexanol_O,cu_cyclohexanol_O,11,328.12,False
cu_cyclohexanol_O,cu_cyclohexanol_O,12,373.01,False
cu_cyclohexanol_O,cu_cyclohexanol_O,13,413.16,False
cu_cyclohexanol_O,cu_cyclohexanol_O,14,421.7,False
cu_cyclohexanol_O,cu_cyclohexanol_O,15,473.41,False
cu_cyclohexanol_O,cu_cyclohexanol_O,16,505.26,False
cu_cyclohexanol_O,cu_cyclohexanol_O,17,563.5,False
cu_cyclohexanol_O,cu_cyclohexanol_O,18,797.59,False
cu_cyclohexanol_O,cu_cyclohexanol_O,19,802.99,False
cu_cyclohexanol_O,cu_cyclohexanol_O,20,851.5,False
cu_cyclohexanol_O,cu_cyclohexanol_O,21,905.09,False
cu_cyclohexanol_O,cu_cyclohexanol_O,22,908.78,False
cu_cyclohexanol_O,cu_cyclohexanol_O,23,924.75,False
cu_cyclohexanol_O,cu_cyclohexanol_O,24,940.48,False
cu_cyclohexanol_O,cu_cyclohexanol_O,25,1016.69,False
cu_cyclohexanol_O,cu_cyclohexanol_O,26,1039.79,False
cu_cyclohexanol_O,cu_cyclohexanol_O,27,1066.61,False
cu_cyclohexanol_O,cu_cyclohexanol_O,28,1093.64,False
cu_cyclohexanol_O,cu_cyclohexanol_O,29,1098.83,False
cu_cyclohexanol_O,cu_cyclohexanol_O,30,1159.18,False
cu_cyclohexanol_O,cu_cyclohexanol_O,31,1181.81,False
cu_cyclohexanol_O,cu_cyclohexanol_O,32,1255.83,False
cu_cyclohexanol_O,cu_cyclohexanol_O,33,1269.88,False
cu_cyclohexanol_O,cu_cyclohexanol_O,34,1288.18,False
cu_cyclohexanol_O,cu_cyclohexanol_O,35,1295.44,False
cu_cyclohexanol_O,cu_cyclohexanol_O,36,1337.11,False
cu_cyclohexanol_O,cu_cyclohexanol_O,37,1340.97,False
cu_cyclohexanol_O,cu_cyclohexanol_O,38,1366.8,False
cu_cyclohexanol_O,cu_cyclohexanol_O,39,1373.52,False
cu_cyclohexanol_O,cu_cyclohexanol_O,40,1387.24,False
cu_cyclohexanol_O,cu_cyclohexanol_O,41,1399.32,False
cu_cyclohexanol_O,cu_cyclohexanol_O,42,1414.24,False
cu_cyclohexanol_O,cu_cyclohexanol_O,43,1467.42,False
cu_cyclohexanol_O,cu_cyclohexanol_O,44,1490.39,False
cu_cyclohexanol_O,cu_cyclohexanol_O,45,1491.72,False
cu_cyclohexanol_O,cu_cyclohexanol_O,46,1497.09,False
cu_cyclohexanol_O,cu_cyclohexanol_O,47,1507.05,False
cu_cyclohexanol_O,cu_cyclohexanol_O,48,2790.07,False
cu_cyclohexanol_O,cu_cyclohexanol_O,49,3007.81,False
cu_cyclohexanol_O,cu_cyclohexanol_O,50,3016.49,False
cu_cyclohexanol_O,cu_cyclohexanol_O,51,3033.27,False
cu_cyclohexanol_O,cu_cyclohexanol_O,52,3038.13,False
cu_cyclohexanol_O,cu_cyclohexanol_O,53,3052.24,False
cu_cyclohexanol_O,cu_cyclohexanol_O,54,3058.42,False
cu_cyclohexanol_O,cu_cyclohexanol_O,55,3073.73,False
cu_cyclohexanol_O,cu_cyclohexanol_O,56,3087.34,False
cu_cyclohexanol_O,cu_cyclohexanol_O,57,3091.82,False
cu_cyclohexanol_O,cu_cyclohexanol_O,58,3093.68,False
cu_cyclohexanol_O,cu_cyclohexanol_O,59,3760.26,False
cu_galacturonateH_complex_opt_freq,cu_galacturonateH_complex,0,0.0,False
cu_galacturonateH_complex_opt_freq,cu_galacturonateH_complex,1,0.0,False
cu_galacturonateH_complex_opt_freq,cu_galacturonateH_complex,2,0.0,False
cu_galacturonateH_complex_opt_freq,cu_galacturonateH_complex,3,0.0,False
cu_galacturonateH_complex_opt_freq,cu_galacturonateH_complex,4,0.0,False
cu_galacturonateH_complex_opt_freq,cu_galacturonateH_complex,5,0.0,False
cu_galacturonateH_complex_opt_freq,cu_galacturonateH_complex,6,45.69,False
cu_galacturonateH_complex_opt_freq,cu_galacturonateH_complex,7,77.71,False
cu_galacturonateH_complex_opt_freq,cu_galacturonateH_complex,8,88.5,False
cu_galacturonateH_complex_opt_freq,cu_galacturonateH_complex,9,177.63,False
cu_galacturonateH_complex_opt_freq,cu_galacturonateH_complex,10,237.47,False
cu_galacturonateH_complex_opt_freq,cu_galacturonateH_complex,11,315.56,False
cu_galacturonateH_complex_opt_freq,cu_galacturonateH_complex,12,513.45,False
cu_galacturonateH_complex_opt_freq,cu_galacturonateH_complex,13,562.41,False
cu_galacturonateH_complex_opt_freq,cu_galacturonateH_complex,14,619.97,False
cu_galacturonateH_complex_opt_freq,cu_galacturonateH_complex,15,672.11,False
cu_galacturonateH_complex_opt_freq,cu_galacturonateH_complex,16,869.27,False
cu_galacturonateH_complex_opt_freq,cu_galacturonateH_complex,17,1020.98,False
cu_galacturonateH_complex_opt_freq,cu_galacturonateH_complex,18,1135.16,False
cu_galacturonateH_complex_opt_freq,cu_galacturonateH_complex,19,1177.37,False
cu_galacturonateH_complex_opt_freq,cu_galacturonateH_complex,20,1223.13,False
cu_galacturonateH_complex_opt_freq,cu_galacturonateH_complex,21,1262.41,False
cu_galacturonateH_complex_opt_freq,cu_galacturonateH_complex,22,1418.66,False
cu_galacturonateH_complex_opt_freq,cu_galacturonateH_complex,23,1448.64,False
cu_galacturonateH_complex_opt_freq,cu_galacturonateH_complex,24,1500.91,False
cu_galacturonateH_complex_opt_freq,cu_galacturonateH_complex,25,1677.8,False
cu_galacturonateH_complex_opt_freq,cu_galacturonateH_complex,26,2984.64,False
cu_galacturonateH_complex_opt_freq,cu_galacturonateH_complex,27,3008.25,False
cu_galacturonateH_complex_opt_freq,cu_galacturonateH_complex,28,3702.38,False
cu_galacturonateH_complex_opt_freq,cu_galacturonateH_complex,29,3803.22,False
cu_galacturonate_anion_complex_opt_freq,cu_galacturonate_anion_complex,0,0.0,False
cu_galacturonate_anion_complex_opt_freq,cu_galacturonate_anion_complex,1,0.0,False
cu_galacturonate_anion_complex_opt_freq,cu_galacturonate_anion_complex,2,0.0,False
cu_galacturonate_anion_complex_opt_freq,cu_galacturonate_anion_complex,3,0.0,False
cu_galacturonate_anion_complex_opt_freq,cu_galacturonate_anion_complex,4,0.0,False
cu_galacturonate_anion_complex_opt_freq,cu_galacturonate_anion_complex,5,0.0,False
cu_galacturonate_anion_complex_opt_freq,cu_galacturonate_anion_complex,6,62.34,False
cu_galacturonate_anion_complex_opt_freq,cu_galacturonate_anion_complex,7,113.66,False
cu_galacturonate_anion_complex_opt_freq,cu_galacturonate_anion_complex,8,126.35,False
cu_galacturonate_anion_complex_opt_freq,cu_galacturonate_anion_complex,9,186.69,False
cu_galacturonate_anion_complex_opt_freq,cu_galacturonate_anion_complex,10,258.52,False
cu_galacturonate_anion_complex_opt_freq,cu_galacturonate_anion_complex,11,327.03,False
cu_galacturonate_anion_complex_opt_freq,cu_galacturonate_anion_complex,12,520.87,False
cu_galacturonate_anion_complex_opt_freq,cu_galacturonate_anion_complex,13,610.68,False
cu_galacturonate_anion_complex_opt_freq,cu_galacturonate_anion_complex,14,695.81,False
cu_galacturonate_anion_complex_opt_freq,cu_galacturonate_anion_complex,15,931.58,False
cu_galacturonate_anion_complex_opt_freq,cu_galacturonate_anion_complex,16,1035.52,False
cu_galacturonate_anion_complex_opt_freq,cu_galacturonate_anion_complex,17,1101.06,False
cu_galacturonate_anion_complex_opt_freq,cu_galacturonate_anion_complex,18,1220.66,False
cu_galacturonate_anion_complex_opt_freq,cu_galacturonate_anion_complex,19,1260.15,False
cu_galacturonate_anion_complex_opt_freq,cu_galacturonate_anion_complex,20,1393.19,False
cu_galacturonate_anion_complex_opt_freq,cu_galacturonate_anion_complex,21,1463.51,False
cu_galacturonate_anion_complex_opt_freq,cu_galacturonate_anion_complex,22,1494.92,False
cu_galacturonate_anion_complex_opt_freq,cu_galacturonate_anion_complex,23,1568.17,False
cu_galacturonate_anion_complex_opt_freq,cu_galacturonate_anion_complex,24,2995.68,False
cu_galacturonate_anion_complex_opt_freq,cu_galacturonate_anion_complex,25,3023.39,False
cu_galacturonate_anion_complex_opt_freq,cu_galacturonate_anion_complex,26,3806.34,False
cu_meta_methoxyphenol_phenolicO,cu_meta_methoxyphenol_phenolicO,0,0.0,False
cu_meta_methoxyphenol_phenolicO,cu_meta_methoxyphenol_phenolicO,1,0.0,False
cu_meta_methoxyphenol_phenolicO,cu_meta_methoxyphenol_phenolicO,2,0.0,False
cu_meta_methoxyphenol_phenolicO,cu_meta_methoxyphenol_phenolicO,3,0.0,False
cu_meta_methoxyphenol_phenolicO,cu_meta_methoxyphenol_phenolicO,4,0.0,False
cu_meta_methoxyphenol_phenolicO,cu_meta_methoxyphenol_phenolicO,5,0.0,False
cu_meta_methoxyphenol_phenolicO,cu_meta_methoxyphenol_phenolicO,6,-796.51,True
cu_meta_methoxyphenol_phenolicO,cu_meta_methoxyphenol_phenolicO,7,-149.57,True
cu_meta_methoxyphenol_phenolicO,cu_meta_methoxyphenol_phenolicO,8,-80.97,True
cu_meta_methoxyphenol_phenolicO,cu_meta_methoxyphenol_phenolicO,9,-44.36,True
cu_meta_methoxyphenol_phenolicO,cu_meta_methoxyphenol_phenolicO,10,145.0,False
cu_meta_methoxyphenol_phenolicO,cu_meta_methoxyphenol_phenolicO,11,149.31,False
cu_meta_methoxyphenol_phenolicO,cu_meta_methoxyphenol_phenolicO,12,232.4,False
cu_meta_methoxyphenol_phenolicO,cu_meta_methoxyphenol_phenolicO,13,258.12,False
cu_meta_methoxyphenol_phenolicO,cu_meta_methoxyphenol_phenolicO,14,329.54,False
cu_meta_methoxyphenol_phenolicO,cu_meta_methoxyphenol_phenolicO,15,392.5,False
cu_meta_methoxyphenol_phenolicO,cu_meta_methoxyphenol_phenolicO,16,448.24,False
cu_meta_methoxyphenol_phenolicO,cu_meta_methoxyphenol_phenolicO,17,487.34,False
cu_meta_methoxyphenol_phenolicO,cu_meta_methoxyphenol_phenolicO,18,545.53,False
cu_meta_methoxyphenol_phenolicO,cu_meta_methoxyphenol_phenolicO,19,595.58,False
cu_meta_methoxyphenol_phenolicO,cu_meta_methoxyphenol_phenolicO,20,595.59,False
cu_meta_methoxyphenol_phenolicO,cu_meta_methoxyphenol_phenolicO,21,686.17,False
cu_meta_methoxyphenol_phenolicO,cu_meta_methoxyphenol_phenolicO,22,719.76,False
cu_meta_methoxyphenol_phenolicO,cu_meta_methoxyphenol_phenolicO,23,839.51,False
cu_meta_methoxyphenol_phenolicO,cu_meta_methoxyphenol_phenolicO,24,859.2,False
cu_meta_methoxyphenol_phenolicO,cu_meta_methoxyphenol_phenolicO,25,929.48,False
cu_meta_methoxyphenol_phenolicO,cu_meta_methoxyphenol_phenolicO,26,957.94,False
cu_meta_methoxyphenol_phenolicO,cu_meta_methoxyphenol_phenolicO,27,1007.87,False
cu_meta_methoxyphenol_phenolicO,cu_meta_methoxyphenol_phenolicO,28,1009.66,False
cu_meta_methoxyphenol_phenolicO,cu_meta_methoxyphenol_phenolicO,29,1092.35,False
cu_meta_methoxyphenol_phenolicO,cu_meta_methoxyphenol_phenolicO,30,1102.55,False
cu_meta_methoxyphenol_phenolicO,cu_meta_methoxyphenol_phenolicO,31,1138.36,False
cu_meta_methoxyphenol_phenolicO,cu_meta_methoxyphenol_phenolicO,32,1189.31,False
cu_meta_methoxyphenol_phenolicO,cu_meta_methoxyphenol_phenolicO,33,1203.24,False
cu_meta_methoxyphenol_phenolicO,cu_meta_methoxyphenol_phenolicO,34,1210.0,False
cu_meta_methoxyphenol_phenolicO,cu_meta_methoxyphenol_phenolicO,35,1246.68,False
cu_meta_methoxyphenol_phenolicO,cu_meta_methoxyphenol_phenolicO,36,1346.06,False
cu_meta_methoxyphenol_phenolicO,cu_meta_methoxyphenol_phenolicO,37,1367.43,False
cu_meta_methoxyphenol_phenolicO,cu_meta_methoxyphenol_phenolicO,38,1391.12,False
cu_meta_methoxyphenol_phenolicO,cu_meta_methoxyphenol_phenolicO,39,1485.72,False
cu_meta_methoxyphenol_phenolicO,cu_meta_methoxyphenol_phenolicO,40,1499.1,False
cu_meta_methoxyphenol_phenolicO,cu_meta_methoxyphenol_phenolicO,41,1507.12,False
cu_meta_methoxyphenol_phenolicO,cu_meta_methoxyphenol_phenolicO,42,1512.78,False
cu_meta_methoxyphenol_phenolicO,cu_meta_methoxyphenol_phenolicO,43,1536.98,False
cu_meta_methoxyphenol_phenolicO,cu_meta_methoxyphenol_phenolicO,44,1612.69,False
cu_meta_methoxyphenol_phenolicO,cu_meta_methoxyphenol_phenolicO,45,1633.6,False
cu_meta_methoxyphenol_phenolicO,cu_meta_methoxyphenol_phenolicO,46,2981.62,False
cu_meta_methoxyphenol_phenolicO,cu_meta_methoxyphenol_phenolicO,47,3027.34,False
cu_meta_methoxyphenol_phenolicO,cu_meta_methoxyphenol_phenolicO,48,3101.07,False
cu_meta_methoxyphenol_phenolicO,cu_meta_methoxyphenol_phenolicO,49,3104.91,False
cu_meta_methoxyphenol_phenolicO,cu_meta_methoxyphenol_phenolicO,50,3118.85,False
cu_meta_methoxyphenol_phenolicO,cu_meta_methoxyphenol_phenolicO,51,3130.2,False
cu_meta_methoxyphenol_phenolicO,cu_meta_methoxyphenol_phenolicO,52,3144.73,False
cu_meta_methoxyphenol_phenolicO,cu_meta_methoxyphenol_phenolicO,53,3939.99,False
cu_meta_methoxyphenol_pi_freq,cu_meta_methoxyphenol_pi,0,0.0,False
cu_meta_methoxyphenol_pi_freq,cu_meta_methoxyphenol_pi,1,0.0,False
cu_meta_methoxyphenol_pi_freq,cu_meta_methoxyphenol_pi,2,0.0,False
cu_meta_methoxyphenol_pi_freq,cu_meta_methoxyphenol_pi,3,0.0,False
cu_meta_methoxyphenol_pi_freq,cu_meta_methoxyphenol_pi,4,0.0,False
cu_meta_methoxyphenol_pi_freq,cu_meta_methoxyphenol_pi,5,0.0,False
cu_meta_methoxyphenol_pi_freq,cu_meta_methoxyphenol_pi,6,48.15,False
cu_meta_methoxyphenol_pi_freq,cu_meta_methoxyphenol_pi,7,78.92,False
cu_meta_methoxyphenol_pi_freq,cu_meta_methoxyphenol_pi,8,114.5,False
cu_meta_methoxyphenol_pi_freq,cu_meta_methoxyphenol_pi,9,185.2,False
cu_meta_methoxyphenol_pi_freq,cu_meta_methoxyphenol_pi,10,191.12,False
cu_meta_methoxyphenol_pi_freq,cu_meta_methoxyphenol_pi,11,220.14,False
cu_meta_methoxyphenol_pi_freq,cu_meta_methoxyphenol_pi,12,243.28,False
cu_meta_methoxyphenol_pi_freq,cu_meta_methoxyphenol_pi,13,367.63,False
cu_meta_methoxyphenol_pi_freq,cu_meta_methoxyphenol_pi,14,405.96,False
cu_meta_methoxyphenol_pi_freq,cu_meta_methoxyphenol_pi,15,451.97,False
cu_meta_methoxyphenol_pi_freq,cu_meta_methoxyphenol_pi,16,475.26,False
cu_meta_methoxyphenol_pi_freq,cu_meta_methoxyphenol_pi,17,484.14,False
cu_meta_methoxyphenol_pi_freq,cu_meta_methoxyphenol_pi,18,531.66,False
cu_meta_methoxyphenol_pi_freq,cu_meta_methoxyphenol_pi,19,561.69,False
cu_meta_methoxyphenol_pi_freq,cu_meta_methoxyphenol_pi,20,662.69,False
cu_meta_methoxyphenol_pi_freq,cu_meta_methoxyphenol_pi,21,715.11,False
cu_meta_methoxyphenol_pi_freq,cu_meta_methoxyphenol_pi,22,738.37,False
cu_meta_methoxyphenol_pi_freq,cu_meta_methoxyphenol_pi,23,823.62,False
cu_meta_methoxyphenol_pi_freq,cu_meta_methoxyphenol_pi,24,859.38,False
cu_meta_methoxyphenol_pi_freq,cu_meta_methoxyphenol_pi,25,874.77,False
cu_meta_methoxyphenol_pi_freq,cu_meta_methoxyphenol_pi,26,956.17,False
cu_meta_methoxyphenol_pi_freq,cu_meta_methoxyphenol_pi,27,987.31,False
cu_meta_methoxyphenol_pi_freq,cu_meta_methoxyphenol_pi,28,1002.34,False
cu_meta_methoxyphenol_pi_freq,cu_meta_methoxyphenol_pi,29,1034.87,False
cu_meta_methoxyphenol_pi_freq,cu_meta_methoxyphenol_pi,30,1066.23,False
cu_meta_methoxyphenol_pi_freq,cu_meta_methoxyphenol_pi,31,1167.98,False
cu_meta_methoxyphenol_pi_freq,cu_meta_methoxyphenol_pi,32,1176.74,False
cu_meta_methoxyphenol_pi_freq,cu_meta_methoxyphenol_pi,33,1189.18,False
cu_meta_methoxyphenol_pi_freq,cu_meta_methoxyphenol_pi,34,1204.08,False
cu_meta_methoxyphenol_pi_freq,cu_meta_methoxyphenol_pi,35,1254.76,False
cu_meta_methoxyphenol_pi_freq,cu_meta_methoxyphenol_pi,36,1337.24,False
cu_meta_methoxyphenol_pi_freq,cu_meta_methoxyphenol_pi,37,1342.15,False
cu_meta_methoxyphenol_pi_freq,cu_meta_methoxyphenol_pi,38,1414.09,False
cu_meta_methoxyphenol_pi_freq,cu_meta_methoxyphenol_pi,39,1470.39,False
cu_meta_methoxyphenol_pi_freq,cu_meta_methoxyphenol_pi,40,1490.88,False
cu_meta_methoxyphenol_pi_freq,cu_meta_methoxyphenol_pi,41,1499.26,False
cu_meta_methoxyphenol_pi_freq,cu_meta_methoxyphenol_pi,42,1511.69,False
cu_meta_methoxyphenol_pi_freq,cu_meta_methoxyphenol_pi,43,1524.71,False
cu_meta_methoxyphenol_pi_freq,cu_meta_methoxyphenol_pi,44,1571.55,False
cu_meta_methoxyphenol_pi_freq,cu_meta_methoxyphenol_pi,45,1636.78,False
cu_meta_methoxyphenol_pi_freq,cu_meta_methoxyphenol_pi,46,3038.41,False
cu_meta_methoxyphenol_pi_freq,cu_meta_methoxyphenol_pi,47,3111.41,False
cu_meta_methoxyphenol_pi_freq,cu_meta_methoxyphenol_pi,48,3140.07,False
cu_meta_methoxyphenol_pi_freq,cu_meta_methoxyphenol_pi,49,3172.12,False
cu_meta_methoxyphenol_pi_freq,cu_meta_methoxyphenol_pi,50,3189.58,False
cu_meta_methoxyphenol_pi_freq,cu_meta_methoxyphenol_pi,51,3203.86,False
cu_meta_methoxyphenol_pi_freq,cu_meta_methoxyphenol_pi,52,3216.64,False
cu_meta_methoxyphenol_pi_freq,cu_meta_methoxyphenol_pi,53,3765.09,False
cu_para_methoxyphenol_phenolicO_freq,cu_para_methoxyphenol_phenolicO,0,0.0,False
cu_para_methoxyphenol_phenolicO_freq,cu_para_methoxyphenol_phenolicO,1,0.0,False
cu_para_methoxyphenol_phenolicO_freq,cu_para_methoxyphenol_phenolicO,2,0.0,False
cu_para_methoxyphenol_phenolicO_freq,cu_para_methoxyphenol_phenolicO,3,0.0,False
cu_para_methoxyphenol_phenolicO_freq,cu_para_methoxyphenol_phenolicO,4,0.0,False
cu_para_methoxyphenol_phenolicO_freq,cu_para_methoxyphenol_phenolicO,5,0.0,False
cu_para_methoxyphenol_phenolicO_freq,cu_para_methoxyphenol_phenolicO,6,28.09,False
cu_para_methoxyphenol_phenolicO_freq,cu_para_methoxyphenol_phenolicO,7,46.84,False
cu_para_methoxyphenol_phenolicO_freq,cu_para_methoxyphenol_phenolicO,8,95.35,False
cu_para_methoxyphenol_phenolicO_freq,cu_para_methoxyphenol_phenolicO,9,154.66,False
cu_para_methoxyphenol_phenolicO_freq,cu_para_methoxyphenol_phenolicO,10,209.2,False
cu_para_methoxyphenol_phenolicO_freq,cu_para_methoxyphenol_phenolicO,11,224.76,False
cu_para_methoxyphenol_phenolicO_freq,cu_para_methoxyphenol_phenolicO,12,236.35,False
cu_para_methoxyphenol_phenolicO_freq,cu_para_methoxyphenol_phenolicO,13,314.13,False
cu_para_methoxyphenol_phenolicO_freq,cu_para_methoxyphenol_phenolicO,14,375.41,False
cu_para_methoxyphenol_phenolicO_freq,cu_para_methoxyphenol_phenolicO,15,423.14,False
cu_para_methoxyphenol_phenolicO_freq,cu_para_methoxyphenol_phenolicO,16,436.64,False
cu_para_methoxyphenol_phenolicO_freq,cu_para_methoxyphenol_phenolicO,17,471.05,False
cu_para_methoxyphenol_phenolicO_freq,cu_para_methoxyphenol_phenolicO,18,520.03,False
cu_para_methoxyphenol_phenolicO_freq,cu_para_methoxyphenol_phenolicO,19,543.08,False
cu_para_methoxyphenol_phenolicO_freq,cu_para_methoxyphenol_phenolicO,20,647.9,False
cu_para_methoxyphenol_phenolicO_freq,cu_para_methoxyphenol_phenolicO,21,702.63,False
cu_para_methoxyphenol_phenolicO_freq,cu_para_methoxyphenol_phenolicO,22,737.42,False
cu_para_methoxyphenol_phenolicO_freq,cu_para_methoxyphenol_phenolicO,23,811.86,False
cu_para_methoxyphenol_phenolicO_freq,cu_para_methoxyphenol_phenolicO,24,840.12,False
cu_para_methoxyphenol_phenolicO_freq,cu_para_methoxyphenol_phenolicO,25,854.07,False
cu_para_methoxyphenol_phenolicO_freq,cu_para_methoxyphenol_phenolicO,26,944.87,False
cu_para_methoxyphenol_phenolicO_freq,cu_para_methoxyphenol_phenolicO,27,959.86,False
cu_para_methoxyphenol_phenolicO_freq,cu_para_methoxyphenol_phenolicO,28,1022.28,False
cu_para_methoxyphenol_phenolicO_freq,cu_para_methoxyphenol_phenolicO,29,1045.76,False
cu_para_methoxyphenol_phenolicO_freq,cu_para_methoxyphenol_phenolicO,30,1133.3,False
cu_para_methoxyphenol_phenolicO_freq,cu_para_methoxyphenol_phenolicO,31,1151.01,False
cu_para_methoxyphenol_phenolicO_freq,cu_para_methoxyphenol_phenolicO,32,1169.67,False
cu_para_methoxyphenol_phenolicO_freq,cu_para_methoxyphenol_phenolicO,33,1191.39,False
cu_para_methoxyphenol_phenolicO_freq,cu_para_methoxyphenol_phenolicO,34,1205.56,False
cu_para_methoxyphenol_phenolicO_freq,cu_para_methoxyphenol_phenolicO,35,1267.36,False
cu_para_methoxyphenol_phenolicO_freq,cu_para_methoxyphenol_phenolicO,36,1305.98,False
cu_para_methoxyphenol_phenolicO_freq,cu_para_methoxyphenol_phenolicO,37,1328.21,False
cu_para_methoxyphenol_phenolicO_freq,cu_para_methoxyphenol_phenolicO,38,1355.54,False
cu_para_methoxyphenol_phenolicO_freq,cu_para_methoxyphenol_phenolicO,39,1455.16,False
cu_para_methoxyphenol_phenolicO_freq,cu_para_methoxyphenol_phenolicO,40,1478.58,False
cu_para_methoxyphenol_phenolicO_freq,cu_para_methoxyphenol_phenolicO,41,1496.9,False
cu_para_methoxyphenol_phenolicO_freq,cu_para_methoxyphenol_phenolicO,42,1501.29,False
cu_para_methoxyphenol_phenolicO_freq,cu_para_methoxyphenol_phenolicO,43,1539.59,False
cu_para_methoxyphenol_phenolicO_freq,cu_para_methoxyphenol_phenolicO,44,1626.3,False
cu_para_methoxyphenol_phenolicO_freq,cu_para_methoxyphenol_phenolicO,45,1639.96,False
cu_para_methoxyphenol_phenolicO_freq,cu_para_methoxyphenol_phenolicO,46,3028.04,False
cu_para_methoxyphenol_phenolicO_freq,cu_para_methoxyphenol_phenolicO,47,3093.45,False
cu_para_methoxyphenol_phenolicO_freq,cu_para_methoxyphenol_phenolicO,48,3163.14,False
cu_para_methoxyphenol_phenolicO_freq,cu_para_methoxyphenol_phenolicO,49,3180.48,False
cu_para_methoxyphenol_phenolicO_freq,cu_para_methoxyphenol_phenolicO,50,3194.14,False
cu_para_methoxyphenol_phenolicO_freq,cu_para_methoxyphenol_phenolicO,51,3209.79,False
cu_para_methoxyphenol_phenolicO_freq,cu_para_methoxyphenol_phenolicO,52,3226.71,False
cu_para_methoxyphenol_phenolicO_freq,cu_para_methoxyphenol_phenolicO,53,3751.44,False
cu_para_methoxyphenol_pi_freq,cu_para_methoxyphenol_pi,0,0.0,False
cu_para_methoxyphenol_pi_freq,cu_para_methoxyphenol_pi,1,0.0,False
cu_para_methoxyphenol_pi_freq,cu_para_methoxyphenol_pi,2,0.0,False
cu_para_methoxyphenol_pi_freq,cu_para_methoxyphenol_pi,3,0.0,False
cu_para_methoxyphenol_pi_freq,cu_para_methoxyphenol_pi,4,0.0,False
cu_para_methoxyphenol_pi_freq,cu_para_methoxyphenol_pi,5,0.0,False
cu_para_methoxyphenol_pi_freq,cu_para_methoxyphenol_pi,6,48.27,False
cu_para_methoxyphenol_pi_freq,cu_para_methoxyphenol_pi,7,63.39,False
cu_para_methoxyphenol_pi_freq,cu_para_methoxyphenol_pi,8,81.33,False
cu_para_methoxyphenol_pi_freq,cu_para_methoxyphenol_pi,9,120.77,False
cu_para_methoxyphenol_pi_freq,cu_para_methoxyphenol_pi,10,192.57,False
cu_para_methoxyphenol_pi_freq,cu_para_methoxyphenol_pi,11,248.64,False
cu_para_methoxyphenol_pi_freq,cu_para_methoxyphenol_pi,12,318.34,False
cu_para_methoxyphenol_pi_freq,cu_para_methoxyphenol_pi,13,353.87,False
cu_para_methoxyphenol_pi_freq,cu_para_methoxyphenol_pi,14,379.06,False
cu_para_methoxyphenol_pi_freq,cu_para_methoxyphenol_pi,15,390.31,False
cu_para_methoxyphenol_pi_freq,cu_para_methoxyphenol_pi,16,429.95,False
cu_para_methoxyphenol_pi_freq,cu_para_methoxyphenol_pi,17,440.47,False
cu_para_methoxyphenol_pi_freq,cu_para_methoxyphenol_pi,18,517.73,False
cu_para_methoxyphenol_pi_freq,cu_para_methoxyphenol_pi,19,572.68,False
cu_para_methoxyphenol_pi_freq,cu_para_methoxyphenol_pi,20,642.96,False
cu_para_methoxyphenol_pi_freq,cu_para_methoxyphenol_pi,21,712.37,False
cu_para_methoxyphenol_pi_freq,cu_para_methoxyphenol_pi,22,753.73,False
cu_para_methoxyphenol_pi_freq,cu_para_methoxyphenol_pi,23,844.33,False
cu_para_methoxyphenol_pi_freq,cu_para_methoxyphenol_pi,24,865.53,False
cu_para_methoxyphenol_pi_freq,cu_para_methoxyphenol_pi,25,868.69,False
cu_para_methoxyphenol_pi_freq,cu_para_methoxyphenol_pi,26,901.76,False
cu_para_methoxyphenol_pi_freq,cu_para_methoxyphenol_pi,27,995.04,False
cu_para_methoxyphenol_pi_freq,cu_para_methoxyphenol_pi,28,1013.35,False
cu_para_methoxyphenol_pi_freq,cu_para_methoxyphenol_pi,29,1039.26,False
cu_para_methoxyphenol_pi_freq,cu_para_methoxyphenol_pi,30,1101.57,False
cu_para_methoxyphenol_pi_freq,cu_para_methoxyphenol_pi,31,1166.52,False
cu_para_methoxyphenol_pi_freq,cu_para_methoxyphenol_pi,32,1181.9,False
cu_para_methoxyphenol_pi_freq,cu_para_methoxyphenol_pi,33,1192.4,False
cu_para_methoxyphenol_pi_freq,cu_para_methoxyphenol_pi,34,1202.16,False
cu_para_methoxyphenol_pi_freq,cu_para_methoxyphenol_pi,35,1285.46,False
cu_para_methoxyphenol_pi_freq,cu_para_methoxyphenol_pi,36,1301.41,False
cu_para_methoxyphenol_pi_freq,cu_para_methoxyphenol_pi,37,1330.06,False
cu_para_methoxyphenol_pi_freq,cu_para_methoxyphenol_pi,38,1385.38,False
cu_para_methoxyphenol_pi_freq,cu_para_methoxyphenol_pi,39,1443.32,False
cu_para_methoxyphenol_pi_freq,cu_para_methoxyphenol_pi,40,1473.8,False
cu_para_methoxyphenol_pi_freq,cu_para_methoxyphenol_pi,41,1483.87,False
cu_para_methoxyphenol_pi_freq,cu_para_methoxyphenol_pi,42,1508.13,False
cu_para_methoxyphenol_pi_freq,cu_para_methoxyphenol_pi,43,1536.01,False
cu_para_methoxyphenol_pi_freq,cu_para_methoxyphenol_pi,44,1584.01,False
cu_para_methoxyphenol_pi_freq,cu_para_methoxyphenol_pi,45,1641.69,False
cu_para_methoxyphenol_pi_freq,cu_para_methoxyphenol_pi,46,3006.99,False
cu_para_methoxyphenol_pi_freq,cu_para_methoxyphenol_pi,47,3091.83,False
cu_para_methoxyphenol_pi_freq,cu_para_methoxyphenol_pi,48,3161.94,False
cu_para_methoxyphenol_pi_freq,cu_para_methoxyphenol_pi,49,3174.42,False
cu_para_methoxyphenol_pi_freq,cu_para_methoxyphenol_pi,50,3175.49,False
cu_para_methoxyphenol_pi_freq,cu_para_methoxyphenol_pi,51,3190.26,False
cu_para_methoxyphenol_pi_freq,cu_para_methoxyphenol_pi,52,3202.33,False
cu_para_methoxyphenol_pi_freq,cu_para_methoxyphenol_pi,53,3778.99,False
cu_phenol_pi_opt_freq,cu_phenol_pi,0,0.0,False
cu_phenol_pi_opt_freq,cu_phenol_pi,1,0.0,False
cu_phenol_pi_opt_freq,cu_phenol_pi,2,0.0,False
cu_phenol_pi_opt_freq,cu_phenol_pi,3,0.0,False
cu_phenol_pi_opt_freq,cu_phenol_pi,4,0.0,False
cu_phenol_pi_opt_freq,cu_phenol_pi,5,0.0,False
cu_phenol_pi_opt_freq,cu_phenol_pi,6,-466.49,True
cu_phenol_pi_opt_freq,cu_phenol_pi,7,36.45,False
cu_phenol_pi_opt_freq,cu_phenol_pi,8,49.18,False
cu_phenol_pi_opt_freq,cu_phenol_pi,9,188.42,False
cu_phenol_pi_opt_freq,cu_phenol_pi,10,326.53,False
cu_phenol_pi_opt_freq,cu_phenol_pi,11,414.87,False
cu_phenol_pi_opt_freq,cu_phenol_pi,12,424.53,False
cu_phenol_pi_opt_freq,cu_phenol_pi,13,523.41,False
cu_phenol_pi_opt_freq,cu_phenol_pi,14,530.48,False
cu_phenol_pi_opt_freq,cu_phenol_pi,15,622.94,False
cu_phenol_pi_opt_freq,cu_phenol_pi,16,695.99,False
cu_phenol_pi_opt_freq,cu_phenol_pi,17,824.15,False
cu_phenol_pi_opt_freq,cu_phenol_pi,18,836.03,False
cu_phenol_pi_opt_freq,cu_phenol_pi,19,874.24,False
cu_phenol_pi_opt_freq,cu_phenol_pi,20,941.96,False
cu_phenol_pi_opt_freq,cu_phenol_pi,21,981.75,False
cu_phenol_pi_opt_freq,cu_phenol_pi,22,1002.05,False
cu_phenol_pi_opt_freq,cu_phenol_pi,23,1007.7,False
cu_phenol_pi_opt_freq,cu_phenol_pi,24,1028.26,False
cu_phenol_pi_opt_freq,cu_phenol_pi,25,1078.74,False
cu_phenol_pi_opt_freq,cu_phenol_pi,26,1148.05,False
cu_phenol_pi_opt_freq,cu_phenol_pi,27,1175.96,False
cu_phenol_pi_opt_freq,cu_phenol_pi,28,1190.94,False
cu_phenol_pi_opt_freq,cu_phenol_pi,29,1309.0,False
cu_phenol_pi_opt_freq,cu_phenol_pi,30,1317.12,False
cu_phenol_pi_opt_freq,cu_phenol_pi,31,1351.9,False
cu_phenol_pi_opt_freq,cu_phenol_pi,32,1471.34,False
cu_phenol_pi_opt_freq,cu_phenol_pi,33,1513.17,False
cu_phenol_pi_opt_freq,cu_phenol_pi,34,1569.55,False
cu_phenol_pi_opt_freq,cu_phenol_pi,35,1614.33,False
cu_phenol_pi_opt_freq,cu_phenol_pi,36,3170.36,False
cu_phenol_pi_opt_freq,cu_phenol_pi,37,3189.77,False
cu_phenol_pi_opt_freq,cu_phenol_pi,38,3191.55,False
cu_phenol_pi_opt_freq,cu_phenol_pi,39,3205.79,False
cu_phenol_pi_opt_freq,cu_phenol_pi,40,3206.72,False
cu_phenol_pi_opt_freq,cu_phenol_pi,41,3769.37,False
cui_guaiacol_phenolicO_opt_freq,cui_guaiacol_ph,0,0.0,False
cui_guaiacol_phenolicO_opt_freq,cui_guaiacol_ph,1,0.0,False
cui_guaiacol_phenolicO_opt_freq,cui_guaiacol_ph,2,0.0,False
cui_guaiacol_phenolicO_opt_freq,cui_guaiacol_ph,3,0.0,False
cui_guaiacol_phenolicO_opt_freq,cui_guaiacol_ph,4,0.0,False
cui_guaiacol_phenolicO_opt_freq,cui_guaiacol_ph,5,0.0,False
cui_guaiacol_phenolicO_opt_freq,cui_guaiacol_ph,6,19.2,False
cui_guaiacol_phenolicO_opt_freq,cui_guaiacol_ph,7,31.09,False
cui_guaiacol_phenolicO_opt_freq,cui_guaiacol_ph,8,78.49,False
cui_guaiacol_phenolicO_opt_freq,cui_guaiacol_ph,9,85.42,False
cui_guaiacol_phenolicO_opt_freq,cui_guaiacol_ph,10,103.45,False
cui_guaiacol_phenolicO_opt_freq,cui_guaiacol_ph,11,114.95,False
cui_guaiacol_phenolicO_opt_freq,cui_guaiacol_ph,12,182.39,False
cui_guaiacol_phenolicO_opt_freq,cui_guaiacol_ph,13,232.66,False
cui_guaiacol_phenolicO_opt_freq,cui_guaiacol_ph,14,239.68,False
cui_guaiacol_phenolicO_opt_freq,cui_guaiacol_ph,15,293.64,False
cui_guaiacol_phenolicO_opt_freq,cui_guaiacol_ph,16,301.71,False
cui_guaiacol_phenolicO_opt_freq,cui_guaiacol_ph,17,396.47,False
cui_guaiacol_phenolicO_opt_freq,cui_guaiacol_ph,18,415.03,False
cui_guaiacol_phenolicO_opt_freq,cui_guaiacol_ph,19,459.03,False
cui_guaiacol_phenolicO_opt_freq,cui_guaiacol_ph,20,531.38,False
cui_guaiacol_phenolicO_opt_freq,cui_guaiacol_ph,21,566.4,False
cui_guaiacol_phenolicO_opt_freq,cui_guaiacol_ph,22,570.3,False
cui_guaiacol_phenolicO_opt_freq,cui_guaiacol_ph,23,599.16,False
cui_guaiacol_phenolicO_opt_freq,cui_guaiacol_ph,24,726.44,False
cui_guaiacol_phenolicO_opt_freq,cui_guaiacol_ph,25,757.06,False
cui_guaiacol_phenolicO_opt_freq,cui_guaiacol_ph,26,780.44,False
cui_guaiacol_phenolicO_opt_freq,cui_guaiacol_ph,27,844.87,False
cui_guaiacol_phenolicO_opt_freq,cui_guaiacol_ph,28,856.87,False
cui_guaiacol_phenolicO_opt_freq,cui_guaiacol_ph,29,927.16,False
cui_guaiacol_phenolicO_opt_freq,cui_guaiacol_ph,30,955.67,False
cui_guaiacol_phenolicO_opt_freq,cui_guaiacol_ph,31,1051.25,False
cui_guaiacol_phenolicO_opt_freq,cui_guaiacol_ph,32,1065.79,False
cui_guaiacol_phenolicO_opt_freq,cui_guaiacol_ph,33,1136.35,False
cui_guaiacol_phenolicO_opt_freq,cui_guaiacol_ph,34,1175.18,False
cui_guaiacol_phenolicO_opt_freq,cui_guaiacol_ph,35,1187.94,False
cui_guaiacol_phenolicO_opt_freq,cui_guaiacol_ph,36,1195.7,False
cui_guaiacol_phenolicO_opt_freq,cui_guaiacol_ph,37,1226.48,False
cui_guaiacol_phenolicO_opt_freq,cui_guaiacol_ph,38,1267.29,False
cui_guaiacol_phenolicO_opt_freq,cui_guaiacol_ph,39,1284.89,False
cui_guaiacol_phenolicO_opt_freq,cui_guaiacol_ph,40,1335.13,False
cui_guaiacol_phenolicO_opt_freq,cui_guaiacol_ph,41,1400.16,False
cui_guaiacol_phenolicO_opt_freq,cui_guaiacol_ph,42,1482.36,False
cui_guaiacol_phenolicO_opt_freq,cui_guaiacol_ph,43,1492.46,False
cui_guaiacol_phenolicO_opt_freq,cui_guaiacol_ph,44,1502.23,False
cui_guaiacol_phenolicO_opt_freq,cui_guaiacol_ph,45,1509.88,False
cui_guaiacol_phenolicO_opt_freq,cui_guaiacol_ph,46,1541.15,False
cui_guaiacol_phenolicO_opt_freq,cui_guaiacol_ph,47,1638.11,False
cui_guaiacol_phenolicO_opt_freq,cui_guaiacol_ph,48,1666.76,False
cui_guaiacol_phenolicO_opt_freq,cui_guaiacol_ph,49,3022.7,False
cui_guaiacol_phenolicO_opt_freq,cui_guaiacol_ph,50,3085.07,False
cui_guaiacol_phenolicO_opt_freq,cui_guaiacol_ph,51,3146.52,False
cui_guaiacol_phenolicO_opt_freq,cui_guaiacol_ph,52,3175.92,False
cui_guaiacol_phenolicO_opt_freq,cui_guaiacol_ph,53,3186.99,False
cui_guaiacol_phenolicO_opt_freq,cui_guaiacol_ph,54,3203.34,False
cui_guaiacol_phenolicO_opt_freq,cui_guaiacol_ph,55,3212.76,False
cui_guaiacol_phenolicO_opt_freq,cui_guaiacol_ph,56,3705.67,False
cui_methanol_O_opt_freq,cui_methanol_O,0,0.0,False
cui_methanol_O_opt_freq,cui_methanol_O,1,0.0,False
cui_methanol_O_opt_freq,cui_methanol_O,2,0.0,False
cui_methanol_O_opt_freq,cui_methanol_O,3,0.0,False
cui_methanol_O_opt_freq,cui_methanol_O,4,0.0,False
cui_methanol_O_opt_freq,cui_methanol_O,5,0.0,False
cui_methanol_O_opt_freq,cui_methanol_O,6,-329.98,True
cui_methanol_O_opt_freq,cui_methanol_O,7,13.44,False
cui_methanol_O_opt_freq,cui_methanol_O,8,55.26,False
cui_methanol_O_opt_freq,cui_methanol_O,9,99.1,False
cui_methanol_O_opt_freq,cui_methanol_O,10,171.02,False
cui_methanol_O_opt_freq,cui_methanol_O,11,233.89,False
cui_methanol_O_opt_freq,cui_methanol_O,12,372.6,False
cui_methanol_O_opt_freq,cui_methanol_O,13,1015.94,False
cui_methanol_O_opt_freq,cui_methanol_O,14,1116.9,False
cui_methanol_O_opt_freq,cui_methanol_O,15,1182.93,False
cui_methanol_O_opt_freq,cui_methanol_O,16,1349.76,False
cui_methanol_O_opt_freq,cui_methanol_O,17,1485.51,False
cui_methanol_O_opt_freq,cui_methanol_O,18,1485.74,False
cui_methanol_O_opt_freq,cui_methanol_O,19,1512.85,False
cui_methanol_O_opt_freq,cui_methanol_O,20,3052.63,False
cui_methanol_O_opt_freq,cui_methanol_O,21,3133.5,False
cui_methanol_O_opt_freq,cui_methanol_O,22,3137.34,False
cui_methanol_O_opt_freq,cui_methanol_O,23,3850.22,False
cui_monomer,cui_monomer,0,0.0,False
cui_monomer,cui_monomer,1,0.0,False
cui_monomer,cui_monomer,2,0.0,False
cui_monomer,cui_monomer,3,0.0,False
cui_monomer,cui_monomer,4,0.0,False
cui_monomer,cui_monomer,5,245.19,False
cui_monomer_opt_freq,cui_monomer,0,0.0,False
cui_monomer_opt_freq,cui_monomer,1,0.0,False
cui_monomer_opt_freq,cui_monomer,2,0.0,False
cui_monomer_opt_freq,cui_monomer,3,0.0,False
cui_monomer_opt_freq,cui_monomer,4,0.0,False
cui_monomer_opt_freq,cui_monomer,5,245.2,False
cui_phenol_O_opt_freq,cui_phenol_O,0,0.0,False
cui_phenol_O_opt_freq,cui_phenol_O,1,0.0,False
cui_phenol_O_opt_freq,cui_phenol_O,2,0.0,False
cui_phenol_O_opt_freq,cui_phenol_O,3,0.0,False
cui_phenol_O_opt_freq,cui_phenol_O,4,0.0,False
cui_phenol_O_opt_freq,cui_phenol_O,5,0.0,False
cui_phenol_O_opt_freq,cui_phenol_O,6,-297.83,True
cui_phenol_O_opt_freq,cui_phenol_O,7,-20.39,True
cui_phenol_O_opt_freq,cui_phenol_O,8,25.52,False
cui_phenol_O_opt_freq,cui_phenol_O,9,76.91,False
cui_phenol_O_opt_freq,cui_phenol_O,10,94.67,False
cui_phenol_O_opt_freq,cui_phenol_O,11,165.28,False
cui_phenol_O_opt_freq,cui_phenol_O,12,256.51,False
cui_phenol_O_opt_freq,cui_phenol_O,13,368.74,False
cui_phenol_O_opt_freq,cui_phenol_O,14,400.38,False
cui_phenol_O_opt_freq,cui_phenol_O,15,423.02,False
cui_phenol_O_opt_freq,cui_phenol_O,16,511.87,False
cui_phenol_O_opt_freq,cui_phenol_O,17,554.22,False
cui_phenol_O_opt_freq,cui_phenol_O,18,632.34,False
cui_phenol_O_opt_freq,cui_phenol_O,19,703.2,False
cui_phenol_O_opt_freq,cui_phenol_O,20,769.55,False
cui_phenol_O_opt_freq,cui_phenol_O,21,824.39,False
cui_phenol_O_opt_freq,cui_phenol_O,22,843.51,False
cui_phenol_O_opt_freq,cui_phenol_O,23,928.83,False
cui_phenol_O_opt_freq,cui_phenol_O,24,969.58,False
cui_phenol_O_opt_freq,cui_phenol_O,25,992.56,False
cui_phenol_O_opt_freq,cui_phenol_O,26,1027.93,False
cui_phenol_O_opt_freq,cui_phenol_O,27,1046.86,False
cui_phenol_O_opt_freq,cui_phenol_O,28,1099.02,False
cui_phenol_O_opt_freq,cui_phenol_O,29,1183.84,False
cui_phenol_O_opt_freq,cui_phenol_O,30,1186.83,False
cui_phenol_O_opt_freq,cui_phenol_O,31,1211.41,False
cui_phenol_O_opt_freq,cui_phenol_O,32,1259.88,False
cui_phenol_O_opt_freq,cui_phenol_O,33,1328.44,False
cui_phenol_O_opt_freq,cui_phenol_O,34,1349.61,False
cui_phenol_O_opt_freq,cui_phenol_O,35,1492.65,False
cui_phenol_O_opt_freq,cui_phenol_O,36,1528.97,False
cui_phenol_O_opt_freq,cui_phenol_O,37,1635.92,False
cui_phenol_O_opt_freq,cui_phenol_O,38,1642.07,False
cui_phenol_O_opt_freq,cui_phenol_O,39,3178.45,False
cui_phenol_O_opt_freq,cui_phenol_O,40,3186.57,False
cui_phenol_O_opt_freq,cui_phenol_O,41,3193.84,False
cui_phenol_O_opt_freq,cui_phenol_O,42,3200.12,False
cui_phenol_O_opt_freq,cui_phenol_O,43,3204.99,False
cui_phenol_O_opt_freq,cui_phenol_O,44,3797.02,False
cyclohexanol,cyclohexanol,0,0.0,False
cyclohexanol,cyclohexanol,1,0.0,False
cyclohexanol,cyclohexanol,2,0.0,False
cyclohexanol,cyclohexanol,3,0.0,False
cyclohexanol,cyclohexanol,4,0.0,False
cyclohexanol,cyclohexanol,5,0.0,False
cyclohexanol,cyclohexanol,6,160.05,False
cyclohexanol,cyclohexanol,7,227.29,False
cyclohexanol,cyclohexanol,8,274.77,False
cyclohexanol,cyclohexanol,9,333.28,False
cyclohexanol,cyclohexanol,10,344.34,False
cyclohexanol,cyclohexanol,11,409.11,False
cyclohexanol,cyclohexanol,12,458.49,False
cyclohexanol,cyclohexanol,13,473.92,False
cyclohexanol,cyclohexanol,14,557.93,False
cyclohexanol,cyclohexanol,15,797.51,False
cyclohexanol,cyclohexanol,16,798.79,False
cyclohexanol,cyclohexanol,17,852.96,False
cyclohexanol,cyclohexanol,18,897.92,False
cyclohexanol,cyclohexanol,19,900.95,False
cyclohexanol,cyclohexanol,20,937.62,False
cyclohexanol,cyclohexanol,21,982.97,False
cyclohexanol,cyclohexanol,22,1037.54,False
cyclohexanol,cyclohexanol,23,1055.52,False
cyclohexanol,cyclohexanol,24,1083.51,False
cyclohexanol,cyclohexanol,25,1089.9,False
cyclohexanol,cyclohexanol,26,1096.66,False
cyclohexanol,cyclohexanol,27,1157.22,False
cyclohexanol,cyclohexanol,28,1182.66,False
cyclohexanol,cyclohexanol,29,1257.18,False
cyclohexanol,cyclohexanol,30,1280.6,False
cyclohexanol,cyclohexanol,31,1287.56,False
cyclohexanol,cyclohexanol,32,1298.43,False
cyclohexanol,cyclohexanol,33,1344.45,False
cyclohexanol,cyclohexanol,34,1352.5,False
cyclohexanol,cyclohexanol,35,1369.41,False
cyclohexanol,cyclohexanol,36,1379.21,False
cyclohexanol,cyclohexanol,37,1382.22,False
cyclohexanol,cyclohexanol,38,1398.38,False
cyclohexanol,cyclohexanol,39,1433.03,False
cyclohexanol,cyclohexanol,40,1486.41,False
cyclohexanol,cyclohexanol,41,1489.57,False
cyclohexanol,cyclohexanol,42,1491.71,False
cyclohexanol,cyclohexanol,43,1497.23,False
cyclohexanol,cyclohexanol,44,1510.36,False
cyclohexanol,cyclohexanol,45,2943.78,False
cyclohexanol,cyclohexanol,46,3002.5,False
cyclohexanol,cyclohexanol,47,3006.19,False
cyclohexanol,cyclohexanol,48,3006.87,False
cyclohexanol,cyclohexanol,49,3012.5,False
cyclohexanol,cyclohexanol,50,3023.05,False
cyclohexanol,cyclohexanol,51,3044.32,False
cyclohexanol,cyclohexanol,52,3055.16,False
cyclohexanol,cyclohexanol,53,3056.98,False
cyclohexanol,cyclohexanol,54,3061.26,False
cyclohexanol,cyclohexanol,55,3071.54,False
cyclohexanol,cyclohexanol,56,3790.53,False
galacturonate_anion_opt_freq,galacturonate_anion,0,0.0,False
galacturonate_anion_opt_freq,galacturonate_anion,1,0.0,False
galacturonate_anion_opt_freq,galacturonate_anion,2,0.0,False
galacturonate_anion_opt_freq,galacturonate_anion,3,0.0,False
galacturonate_anion_opt_freq,galacturonate_anion,4,0.0,False
galacturonate_anion_opt_freq,galacturonate_anion,5,0.0,False
galacturonate_anion_opt_freq,galacturonate_anion,6,85.6,False
galacturonate_anion_opt_freq,galacturonate_anion,7,208.61,False
galacturonate_anion_opt_freq,galacturonate_anion,8,256.15,False
galacturonate_anion_opt_freq,galacturonate_anion,9,480.79,False
galacturonate_anion_opt_freq,galacturonate_anion,10,597.79,False
galacturonate_anion_opt_freq,galacturonate_anion,11,653.34,False
galacturonate_anion_opt_freq,galacturonate_anion,12,860.18,False
galacturonate_anion_opt_freq,galacturonate_anion,13,1017.6,False
galacturonate_anion_opt_freq,galacturonate_anion,14,1025.88,False
galacturonate_anion_opt_freq,galacturonate_anion,15,1189.68,False
galacturonate_anion_opt_freq,galacturonate_anion,16,1233.48,False
galacturonate_anion_opt_freq,galacturonate_anion,17,1349.39,False
galacturonate_anion_opt_freq,galacturonate_anion,18,1391.11,False
galacturonate_anion_opt_freq,galacturonate_anion,19,1473.49,False
galacturonate_anion_opt_freq,galacturonate_anion,20,1699.11,False
galacturonate_anion_opt_freq,galacturonate_anion,21,2962.6,False
galacturonate_anion_opt_freq,galacturonate_anion,22,2991.86,False
galacturonate_anion_opt_freq,galacturonate_anion,23,3767.94,False
galacturonate_neutral_opt_freq,galacturonate_neutral,0,0.0,False
galacturonate_neutral_opt_freq,galacturonate_neutral,1,0.0,False
galacturonate_neutral_opt_freq,galacturonate_neutral,2,0.0,False
galacturonate_neutral_opt_freq,galacturonate_neutral,3,0.0,False
galacturonate_neutral_opt_freq,galacturonate_neutral,4,0.0,False
galacturonate_neutral_opt_freq,galacturonate_neutral,5,0.0,False
galacturonate_neutral_opt_freq,galacturonate_neutral,6,40.94,False
galacturonate_neutral_opt_freq,galacturonate_neutral,7,179.58,False
galacturonate_neutral_opt_freq,galacturonate_neutral,8,273.54,False
galacturonate_neutral_opt_freq,galacturonate_neutral,9,505.98,False
galacturonate_neutral_opt_freq,galacturonate_neutral,10,525.31,False
galacturonate_neutral_opt_freq,galacturonate_neutral,11,593.54,False
galacturonate_neutral_opt_freq,galacturonate_neutral,12,692.0,False
galacturonate_neutral_opt_freq,galacturonate_neutral,13,840.08,False
galacturonate_neutral_opt_freq,galacturonate_neutral,14,1032.16,False
galacturonate_neutral_opt_freq,galacturonate_neutral,15,1102.35,False
galacturonate_neutral_opt_freq,galacturonate_neutral,16,1162.63,False
galacturonate_neutral_opt_freq,galacturonate_neutral,17,1236.0,False
galacturonate_neutral_opt_freq,galacturonate_neutral,18,1265.51,False
galacturonate_neutral_opt_freq,galacturonate_neutral,19,1378.64,False
galacturonate_neutral_opt_freq,galacturonate_neutral,20,1451.65,False
galacturonate_neutral_opt_freq,galacturonate_neutral,21,1490.47,False
galacturonate_neutral_opt_freq,galacturonate_neutral,22,1806.99,False
galacturonate_neutral_opt_freq,galacturonate_neutral,23,2999.41,False
galacturonate_neutral_opt_freq,galacturonate_neutral,24,3027.11,False
galacturonate_neutral_opt_freq,galacturonate_neutral,25,3715.76,False
galacturonate_neutral_opt_freq,galacturonate_neutral,26,3809.91,False
guaiacol_opt_freq,guaiacol,0,0.0,False
guaiacol_opt_freq,guaiacol,1,0.0,False
guaiacol_opt_freq,guaiacol,2,0.0,False
guaiacol_opt_freq,guaiacol,3,0.0,False
guaiacol_opt_freq,guaiacol,4,0.0,False
guaiacol_opt_freq,guaiacol,5,0.0,False
guaiacol_opt_freq,guaiacol,6,75.36,False
guaiacol_opt_freq,guaiacol,7,178.68,False
guaiacol_opt_freq,guaiacol,8,226.53,False
guaiacol_opt_freq,guaiacol,9,239.11,False
guaiacol_opt_freq,guaiacol,10,307.1,False
guaiacol_opt_freq,guaiacol,11,345.86,False
guaiacol_opt_freq,guaiacol,12,438.24,False
guaiacol_opt_freq,guaiacol,13,463.37,False
guaiacol_opt_freq,guaiacol,14,511.54,False
guaiacol_opt_freq,guaiacol,15,538.96,False
guaiacol_opt_freq,guaiacol,16,570.87,False
guaiacol_opt_freq,guaiacol,17,598.45,False
guaiacol_opt_freq,guaiacol,18,717.77,False
guaiacol_opt_freq,guaiacol,19,748.89,False
guaiacol_opt_freq,guaiacol,20,774.1,False
guaiacol_opt_freq,guaiacol,21,846.44,False
guaiacol_opt_freq,guaiacol,22,851.88,False
guaiacol_opt_freq,guaiacol,23,908.78,False
guaiacol_opt_freq,guaiacol,24,931.25,False
guaiacol_opt_freq,guaiacol,25,1053.69,False
guaiacol_opt_freq,guaiacol,26,1069.21,False
guaiacol_opt_freq,guaiacol,27,1134.85,False
guaiacol_opt_freq,guaiacol,28,1175.07,False
guaiacol_opt_freq,guaiacol,29,1183.69,False
guaiacol_opt_freq,guaiacol,30,1198.22,False
guaiacol_opt_freq,guaiacol,31,1230.39,False
guaiacol_opt_freq,guaiacol,32,1253.19,False
guaiacol_opt_freq,guaiacol,33,1290.91,False
guaiacol_opt_freq,guaiacol,34,1335.59,False
guaiacol_opt_freq,guaiacol,35,1401.51,False
guaiacol_opt_freq,guaiacol,36,1480.31,False
guaiacol_opt_freq,guaiacol,37,1491.37,False
guaiacol_opt_freq,guaiacol,38,1503.18,False
guaiacol_opt_freq,guaiacol,39,1509.71,False
guaiacol_opt_freq,guaiacol,40,1540.18,False
guaiacol_opt_freq,guaiacol,41,1638.49,False
guaiacol_opt_freq,guaiacol,42,1654.65,False
guaiacol_opt_freq,guaiacol,43,3010.81,False
guaiacol_opt_freq,guaiacol,44,3067.41,False
guaiacol_opt_freq,guaiacol,45,3134.74,False
guaiacol_opt_freq,guaiacol,46,3175.11,False
guaiacol_opt_freq,guaiacol,47,3187.56,False
guaiacol_opt_freq,guaiacol,48,3197.25,False
guaiacol_opt_freq,guaiacol,49,3207.38,False
guaiacol_opt_freq,guaiacol,50,3750.12,False
meta_methoxyphenol,meta_methoxyphenol,0,0.0,False
meta_methoxyphenol,meta_methoxyphenol,1,0.0,False
meta_methoxyphenol,meta_methoxyphenol,2,0.0,False
meta_methoxyphenol,meta_methoxyphenol,3,0.0,False
meta_methoxyphenol,meta_methoxyphenol,4,0.0,False
meta_methoxyphenol,meta_methoxyphenol,5,0.0,False
meta_methoxyphenol,meta_methoxyphenol,6,92.07,False
meta_methoxyphenol,meta_methoxyphenol,7,201.19,False
meta_methoxyphenol,meta_methoxyphenol,8,223.86,False
meta_methoxyphenol,meta_methoxyphenol,9,235.9,False
meta_methoxyphenol,meta_methoxyphenol,10,273.6,False
meta_methoxyphenol,meta_methoxyphenol,11,318.32,False
meta_methoxyphenol,meta_methoxyphenol,12,404.96,False
meta_methoxyphenol,meta_methoxyphenol,13,461.12,False
meta_methoxyphenol,meta_methoxyphenol,14,478.24,False
meta_methoxyphenol,meta_methoxyphenol,15,539.12,False
meta_methoxyphenol,meta_methoxyphenol,16,563.57,False
meta_methoxyphenol,meta_methoxyphenol,17,626.53,False
meta_methoxyphenol,meta_methoxyphenol,18,691.54,False
meta_methoxyphenol,meta_methoxyphenol,19,746.97,False
meta_methoxyphenol,meta_methoxyphenol,20,770.78,False
meta_methoxyphenol,meta_methoxyphenol,21,825.88,False
meta_methoxyphenol,meta_methoxyphenol,22,870.71,False
meta_methoxyphenol,meta_methoxyphenol,23,952.12,False
meta_methoxyphenol,meta_methoxyphenol,24,966.75,False
meta_methoxyphenol,meta_methoxyphenol,25,1015.28,False
meta_methoxyphenol,meta_methoxyphenol,26,1070.61,False
meta_methoxyphenol,meta_methoxyphenol,27,1098.63,False
meta_methoxyphenol,meta_methoxyphenol,28,1172.57,False
meta_methoxyphenol,meta_methoxyphenol,29,1172.74,False
meta_methoxyphenol,meta_methoxyphenol,30,1194.98,False
meta_methoxyphenol,meta_methoxyphenol,31,1197.55,False
meta_methoxyphenol,meta_methoxyphenol,32,1230.19,False
meta_methoxyphenol,meta_methoxyphenol,33,1316.34,False
meta_methoxyphenol,meta_methoxyphenol,34,1347.88,False
meta_methoxyphenol,meta_methoxyphenol,35,1368.23,False
meta_methoxyphenol,meta_methoxyphenol,36,1472.6,False
meta_methoxyphenol,meta_methoxyphenol,37,1493.6,False
meta_methoxyphenol,meta_methoxyphenol,38,1493.64,False
meta_methoxyphenol,meta_methoxyphenol,39,1508.06,False
meta_methoxyphenol,meta_methoxyphenol,40,1540.84,False
meta_methoxyphenol,meta_methoxyphenol,41,1640.33,False
meta_methoxyphenol,meta_methoxyphenol,42,1653.63,False
meta_methoxyphenol,meta_methoxyphenol,43,3002.24,False
meta_methoxyphenol,meta_methoxyphenol,44,3056.26,False
meta_methoxyphenol,meta_methoxyphenol,45,3132.18,False
meta_methoxyphenol,meta_methoxyphenol,46,3175.88,False
meta_methoxyphenol,meta_methoxyphenol,47,3186.88,False
meta_methoxyphenol,meta_methoxyphenol,48,3201.13,False
meta_methoxyphenol,meta_methoxyphenol,49,3206.16,False
meta_methoxyphenol,meta_methoxyphenol,50,3800.85,False
methanol_opt_freq,methanol,0,0.0,False
methanol_opt_freq,methanol,1,0.0,False
methanol_opt_freq,methanol,2,0.0,False
methanol_opt_freq,methanol,3,0.0,False
methanol_opt_freq,methanol,4,0.0,False
methanol_opt_freq,methanol,5,0.0,False
methanol_opt_freq,methanol,6,296.93,False
methanol_opt_freq,methanol,7,1042.7,False
methanol_opt_freq,methanol,8,1080.63,False
methanol_opt_freq,methanol,9,1169.88,False
methanol_opt_freq,methanol,10,1367.82,False
methanol_opt_freq,methanol,11,1480.57,False
methanol_opt_freq,methanol,12,1494.37,False
methanol_opt_freq,methanol,13,1508.76,False
methanol_opt_freq,methanol,14,2988.26,False
methanol_opt_freq,methanol,15,3031.59,False
methanol_opt_freq,methanol,16,3107.71,False
methanol_opt_freq,methanol,17,3808.22,False
para_methoxyphenol,para_methoxyphenol,0,0.0,False
para_methoxyphenol,para_methoxyphenol,1,0.0,False
para_methoxyphenol,para_methoxyphenol,2,0.0,False
para_methoxyphenol,para_methoxyphenol,3,0.0,False
para_methoxyphenol,para_methoxyphenol,4,0.0,False
para_methoxyphenol,para_methoxyphenol,5,0.0,False
para_methoxyphenol,para_methoxyphenol,6,81.21,False
para_methoxyphenol,para_methoxyphenol,7,156.36,False
para_methoxyphenol,para_methoxyphenol,8,235.31,False
para_methoxyphenol,para_methoxyphenol,9,250.34,False
para_methoxyphenol,para_methoxyphenol,10,296.36,False
para_methoxyphenol,para_methoxyphenol,11,373.96,False
para_methoxyphenol,para_methoxyphenol,12,382.77,False
para_methoxyphenol,para_methoxyphenol,13,430.19,False
para_methoxyphenol,para_methoxyphenol,14,438.77,False
para_methoxyphenol,para_methoxyphenol,15,523.67,False
para_methoxyphenol,para_methoxyphenol,16,534.87,False
para_methoxyphenol,para_methoxyphenol,17,657.91,False
para_methoxyphenol,para_methoxyphenol,18,720.96,False
para_methoxyphenol,para_methoxyphenol,19,744.6,False
para_methoxyphenol,para_methoxyphenol,20,797.79,False
para_methoxyphenol,para_methoxyphenol,21,846.67,False
para_methoxyphenol,para_methoxyphenol,22,858.34,False
para_methoxyphenol,para_methoxyphenol,23,896.22,False
para_methoxyphenol,para_methoxyphenol,24,955.06,False
para_methoxyphenol,para_methoxyphenol,25,1026.98,False
para_methoxyphenol,para_methoxyphenol,26,1070.9,False
para_methoxyphenol,para_methoxyphenol,27,1125.57,False
para_methoxyphenol,para_methoxyphenol,28,1173.59,False
para_methoxyphenol,para_methoxyphenol,29,1185.27,False
para_methoxyphenol,para_methoxyphenol,30,1192.11,False
para_methoxyphenol,para_methoxyphenol,31,1206.67,False
para_methoxyphenol,para_methoxyphenol,32,1265.34,False
para_methoxyphenol,para_methoxyphenol,33,1291.07,False
para_methoxyphenol,para_methoxyphenol,34,1335.95,False
para_methoxyphenol,para_methoxyphenol,35,1367.92,False
para_methoxyphenol,para_methoxyphenol,36,1475.74,False
para_methoxyphenol,para_methoxyphenol,37,1477.62,False
para_methoxyphenol,para_methoxyphenol,38,1492.01,False
para_methoxyphenol,para_methoxyphenol,39,1507.72,False
para_methoxyphenol,para_methoxyphenol,40,1548.99,False
para_methoxyphenol,para_methoxyphenol,41,1639.72,False
para_methoxyphenol,para_methoxyphenol,42,1662.53,False
para_methoxyphenol,para_methoxyphenol,43,2997.68,False
para_methoxyphenol,para_methoxyphenol,44,3049.38,False
para_methoxyphenol,para_methoxyphenol,45,3128.82,False
para_methoxyphenol,para_methoxyphenol,46,3153.24,False
para_methoxyphenol,para_methoxyphenol,47,3185.44,False
para_methoxyphenol,para_methoxyphenol,48,3199.79,False
para_methoxyphenol,para_methoxyphenol,49,3210.87,False
para_methoxyphenol,para_methoxyphenol,50,3803.46,False
phenol_opt_freq,phenol,0,0.0,False
phenol_opt_freq,phenol,1,0.0,False
phenol_opt_freq,phenol,2,0.0,False
phenol_opt_freq,phenol,3,0.0,False
phenol_opt_freq,phenol,4,0.0,False
phenol_opt_freq,phenol,5,0.0,False
phenol_opt_freq,phenol,6,-1246.22,True
phenol_opt_freq,phenol,7,-1176.54,True
phenol_opt_freq,phenol,8,228.29,False
phenol_opt_freq,phenol,9,424.97,False
phenol_opt_freq,phenol,10,425.64,False
phenol_opt_freq,phenol,11,514.18,False
phenol_opt_freq,phenol,12,547.39,False
phenol_opt_freq,phenol,13,633.77,False
phenol_opt_freq,phenol,14,696.87,False
phenol_opt_freq,phenol,15,762.76,False
phenol_opt_freq,phenol,16,826.12,False
phenol_opt_freq,phenol,17,851.56,False
phenol_opt_freq,phenol,18,898.35,False
phenol_opt_freq,phenol,19,945.95,False
phenol_opt_freq,phenol,20,952.19,False
phenol_opt_freq,phenol,21,1021.83,False
phenol_opt_freq,phenol,22,1045.24,False
phenol_opt_freq,phenol,23,1095.1,False
phenol_opt_freq,phenol,24,1179.76,False
phenol_opt_freq,phenol,25,1185.98,False
phenol_opt_freq,phenol,26,1307.83,False
phenol_opt_freq,phenol,27,1308.71,False
phenol_opt_freq,phenol,28,1350.53,False
phenol_opt_freq,phenol,29,1487.3,False
phenol_opt_freq,phenol,30,1533.39,False
phenol_opt_freq,phenol,31,1620.42,False
phenol_opt_freq,phenol,32,1639.23,False
phenol_opt_freq,phenol,33,3165.35,False
phenol_opt_freq,phenol,34,3171.9,False
phenol_opt_freq,phenol,35,3188.79,False
phenol_opt_freq,phenol,36,3193.96,False
phenol_opt_freq,phenol,37,3198.36,False
phenol_opt_freq,phenol,38,4155.05,False
